axis,x_u,x_physical,physical_unit,score
fcl,-0.5,-5,kHz,0.30935205756879075
fcl,-0.495,-4.9500000000000002,kHz,0.31469132032252117
fcl,-0.48999999999999999,-4.9000000000000004,kHz,0.3200025707644012
fcl,-0.48499999999999999,-4.8499999999999996,kHz,0.32527967289085102
fcl,-0.47999999999999998,-4.7999999999999998,kHz,0.33051697381908535
fcl,-0.47499999999999998,-4.75,kHz,0.33570937765911479
fcl,-0.46999999999999997,-4.7000000000000002,kHz,0.34085242393726112
fcl,-0.46500000000000002,-4.6500000000000004,kHz,0.3459423564618847
fcl,-0.46000000000000002,-4.5999999999999996,kHz,0.35097619197835472
fcl,-0.45500000000000002,-4.5499999999999998,kHz,0.3559517760256703
fcl,-0.45000000000000001,-4.5,kHz,0.36086783968181607
fcl,-0.44500000000000001,-4.4500000000000002,kHz,0.36572404292121197
fcl,-0.44,-4.4000000000000004,kHz,0.37052101027468026
fcl,-0.435,-4.3499999999999996,kHz,0.37526036422735415
fcl,-0.42999999999999999,-4.2999999999999998,kHz,0.37994473846654175
fcl,-0.42499999999999999,-4.25,kHz,0.38457779188709823
fcl,-0.41999999999999998,-4.2000000000000002,kHz,0.38916420728455536
fcl,-0.41499999999999998,-4.1500000000000004,kHz,0.39370968216497393
fcl,-0.40999999999999998,-4.0999999999999996,kHz,0.3982209105455517
fcl,-0.40500000000000003,-4.0500000000000007,kHz,0.40270555131706925
fcl,-0.40000000000000002,-4,kHz,0.40717219133885274
fcl,-0.39500000000000002,-3.9500000000000002,kHz,0.41163029535721918
fcl,-0.39000000000000001,-3.8999999999999999,kHz,0.41609015181833114
fcl,-0.38500000000000001,-3.8500000000000001,kHz,0.42056280521026285
fcl,-0.38,-3.7999999999999998,kHz,0.42505998082481444
fcl,-0.375,-3.75,kHz,0.42959400615255289
fcl,-0.37,-3.7000000000000002,kHz,0.43417772213965611
fcl,-0.36499999999999999,-3.6499999999999999,kHz,0.4388243875286042
fcl,-0.35999999999999999,-3.6000000000000001,kHz,0.4435475803962044
fcl,-0.35499999999999998,-3.5499999999999998,kHz,0.44836109458452483
fcl,-0.34999999999999998,-3.5,kHz,0.45327883282783665
fcl,-0.34499999999999997,-3.4499999999999997,kHz,0.45831469397181485
fcl,-0.34000000000000002,-3.4000000000000004,kHz,0.4634824622087394
fcl,-0.33500000000000002,-3.3500000000000001,kHz,0.46879569426743017
fcl,-0.33000000000000002,-3.2999999999999998,kHz,0.47426760708657989
fcl,-0.32500000000000001,-3.25,kHz,0.47991096645273673
fcl,-0.32000000000000001,-3.2000000000000002,kHz,0.48573797407964275
fcl,-0.315,-3.1499999999999999,kHz,0.4917601639075741
fcl,-0.31,-3.1000000000000001,kHz,0.4979882964842462
fcl,-0.30499999999999999,-3.0499999999999998,kHz,0.50443225935918201
fcl,-0.29999999999999999,-3,kHz,0.51110097457756021
fcl,-0.29499999999999998,-2.9500000000000002,kHz,0.51800230941515257
fcl,-0.28999999999999998,-2.8999999999999999,kHz,0.52514299647400309
fcl,-0.28499999999999998,-2.8499999999999996,kHz,0.53252855748239203
fcl,-0.28000000000000003,-2.8000000000000003,kHz,0.54016323799642507
fcl,-0.27500000000000002,-2.75,kHz,0.54804995010642765
fcl,-0.27000000000000002,-2.7000000000000002,kHz,0.55619022121285422
fcl,-0.26500000000000001,-2.6499999999999999,kHz,0.56458415390306471
fcl,-0.26000000000000001,-2.6000000000000001,kHz,0.5732303967061575
fcl,-0.255,-2.5499999999999998,kHz,0.5821261189427579
fcl,-0.25,-2.5,kHz,0.59126700250731756
fcl,-0.245,-2.4500000000000002,kHz,0.60064723661108976
fcl,-0.23999999999999999,-2.3999999999999999,kHz,0.61025952536767736
fcl,-0.23499999999999999,-2.3500000000000001,kHz,0.62009510679315127
fcl,-0.23000000000000001,-2.2999999999999998,kHz,0.63014377527915466
fcl,-0.22500000000000001,-2.25,kHz,0.64039391964485792
fcl,-0.22,-2.2000000000000002,kHz,0.65083256517407695
fcl,-0.215,-2.1499999999999999,kHz,0.66144542800718575
fcl,-0.20999999999999999,-2.1000000000000001,kHz,0.67221697461090357
fcl,-0.20499999999999999,-2.0499999999999998,kHz,0.68313049027360573
fcl,-0.20000000000000001,-2,kHz,0.69416815309298985
fcl,-0.19500000000000001,-1.95,kHz,0.70531111859465223
fcl,-0.19,-1.8999999999999999,kHz,0.71653960199194977
fcl,-0.185,-1.8500000000000001,kHz,0.72783297641424727
fcl,-0.17999999999999999,-1.8,kHz,0.739169868162592
fcl,-0.17499999999999999,-1.75,kHz,0.75052825501522646
fcl,-0.17000000000000001,-1.7000000000000002,kHz,0.76188557440387661
fcl,-0.16500000000000001,-1.6499999999999999,kHz,0.77321882810361153
fcl,-0.16,-1.6000000000000001,kHz,0.7845046914161462
fcl,-0.155,-1.55,kHz,0.79571961930434076
fcl,-0.14999999999999999,-1.5,kHz,0.80683995950337195
fcl,-0.14499999999999999,-1.45,kHz,0.81784205794438392
fcl,-0.14000000000000001,-1.4000000000000001,kHz,0.82870236863990554
fcl,-0.13500000000000001,-1.3500000000000001,kHz,0.83939755582559106
fcl,-0.13,-1.3,kHz,0.849904598434709
fcl,-0.125,-1.25,kHz,0.86020088844611364
fcl,-0.12,-1.2,kHz,0.87026432612305826
fcl,-0.115,-1.1499999999999999,kHz,0.88007340938150025
fcl,-0.11,-1.1000000000000001,kHz,0.88960731969219053
fcl,-0.105,-1.05,kHz,0.89884600174464546
fcl,-0.10000000000000001,-1,kHz,0.90777023578804195
fcl,-0.095000000000000001,-0.94999999999999996,kHz,0.91636170524020766
fcl,-0.089999999999999997,-0.90000000000000002,kHz,0.92460305664808073
fcl,-0.085000000000000006,-0.85000000000000009,kHz,0.93247795207204243
fcl,-0.080000000000000002,-0.80000000000000004,kHz,0.93997111469220396
fcl,-0.074999999999999997,-0.75,kHz,0.94706836751077539
fcl,-0.070000000000000007,-0.70000000000000007,kHz,0.9537566627434888
fcl,-0.065000000000000002,-0.65000000000000002,kHz,0.96002410502899194
fcl,-0.059999999999999998,-0.59999999999999998,kHz,0.96585996725129841
fcl,-0.055,-0.55000000000000004,kHz,0.97125469723207791
fcl,-0.050000000000000003,-0.5,kHz,0.97619991959198904
fcl,-0.044999999999999998,-0.45000000000000001,kHz,0.98068842814644608
fcl,-0.040000000000000001,-0.40000000000000002,kHz,0.98471417281796525
fcl,-0.035000000000000003,-0.35000000000000003,kHz,0.98827224053801344
fcl,-0.029999999999999999,-0.29999999999999999,kHz,0.99135882916342677
fcl,-0.025000000000000001,-0.25,kHz,0.99397121608136363
fcl,-0.02,-0.20000000000000001,kHz,0.99610772224721067
fcl,-0.014999999999999999,-0.14999999999999999,kHz,0.99776767143871981
fcl,-0.01,-0.10000000000000001,kHz,0.99895134522526208
fcl,-0.0050000000000000001,-0.050000000000000003,kHz,0.99965993505586226
fcl,0,0,kHz,0.99989549141336331
fcl,0.0050000000000000001,0.050000000000000003,kHz,0.9996608708617627
fcl,0.01,0.10000000000000001,kHz,0.99895968164036897
fcl,0.014999999999999999,0.14999999999999999,kHz,0.9977962284405556
fcl,0.02,0.20000000000000001,kHz,0.996175456984982
fcl,0.025000000000000001,0.25,kHz,0.9941028989715347
fcl,0.029999999999999999,0.29999999999999999,kHz,0.9915846182585889
fcl,0.035000000000000003,0.35000000000000003,kHz,0.98862715816102575
fcl,0.040000000000000001,0.40000000000000002,kHz,0.98523749158864482
fcl,0.044999999999999998,0.45000000000000001,kHz,0.98142297301856252
fcl,0.050000000000000003,0.5,kHz,0.97719129409127947
fcl,0.055,0.55000000000000004,kHz,0.97255044232601229
fcl,0.059999999999999998,0.59999999999999998,kHz,0.96750866402518299
fcl,0.065000000000000002,0.65000000000000002,kHz,0.96207443075681831
fcl,0.070000000000000007,0.70000000000000007,kHz,0.95625641031619701
fcl,0.074999999999999997,0.75,kHz,0.950063442300768
fcl,0.080000000000000002,0.80000000000000004,kHz,0.94350451818613623
fcl,0.085000000000000006,0.85000000000000009,kHz,0.93658876557815218
fcl,0.089999999999999997,0.90000000000000002,kHz,0.92932543696708081
fcl,0.095000000000000001,0.94999999999999996,kHz,0.92172390357980993
fcl,0.10000000000000001,1,kHz,0.91379365219372777
fcl,0.105,1.05,kHz,0.90554428638461237
fcl,0.11,1.1000000000000001,kHz,0.89698553205263887
fcl,0.115,1.1499999999999999,kHz,0.88812724471109072
fcl,0.12,1.2,kHz,0.87897942054332068
fcl,0.125,1.25,kHz,0.86955220994067461
fcl,0.13,1.3,kHz,0.85985593184006526
fcl,0.13500000000000001,1.3500000000000001,kHz,0.84990109010718062
fcl,0.14000000000000001,1.4000000000000001,kHz,0.83969839096848198
fcl,0.14499999999999999,1.45,kHz,0.8292587595752513
fcl,0.14999999999999999,1.5,kHz,0.81859335681548062
fcl,0.155,1.55,kHz,0.80771359477135063
fcl,0.16,1.6000000000000001,kHz,0.79663115166436826
fcl,0.16500000000000001,1.6499999999999999,kHz,0.78535798335802676
fcl,0.17000000000000001,1.7000000000000002,kHz,0.77390633306509404
fcl,0.17499999999999999,1.75,kHz,0.76228873711792344
fcl,0.17999999999999999,1.8,kHz,0.75051802915633614
fcl,0.185,1.8500000000000001,kHz,0.73860733884602681
fcl,0.19,1.8999999999999999,kHz,0.72657008474394102
fcl,0.19500000000000001,1.95,kHz,0.71441996709831057
fcl,0.20000000000000001,2,kHz,0.70217095146351116
fcl,0.20499999999999999,2.0499999999999998,kHz,0.68983725042171329
fcl,0.20999999999999999,2.1000000000000001,kHz,0.67743329851299672
fcl,0.215,2.1499999999999999,kHz,0.66497372468640292
fcl,0.22,2.2000000000000002,kHz,0.65247331682204768
fcl,0.22500000000000001,2.25,kHz,0.63994698323062293
fcl,0.23000000000000001,2.2999999999999998,kHz,0.62740971038754256
fcl,0.23499999999999999,2.3500000000000001,kHz,0.6148765160827101
fcl,0.23999999999999999,2.3999999999999999,kHz,0.60236239649498668
fcl,0.245,2.4500000000000002,kHz,0.58988227375464419
fcl,0.25,2.5,kHz,0.57745093846622519
fcl,0.255,2.5499999999999998,kHz,0.56508299009878471
fcl,0.26000000000000001,2.6000000000000001,kHz,0.55279277472871668
fcl,0.26500000000000001,2.6499999999999999,kHz,0.54059432442551214
fcl,0.27000000000000002,2.7000000000000002,kHz,0.52850129343781438
fcl,0.27500000000000002,2.75,kHz,0.51652689534460916
fcl,0.28000000000000003,2.8000000000000003,kHz,0.50468384132297006
fcl,0.28499999999999998,2.8499999999999996,kHz,0.49298428020996782
fcl,0.28999999999999998,2.8999999999999999,kHz,0.48143973943686358
fcl,0.29499999999999998,2.9500000000000002,kHz,0.47006107143543308
fcl,0.29999999999999999,3,kHz,0.45885839860801708
fcl,0.30499999999999999,3.0499999999999998,kHz,0.44784106756691711
fcl,0.31,3.1000000000000001,kHz,0.43701760500878845
fcl,0.315,3.1499999999999999,kHz,0.42639568107572162
fcl,0.32000000000000001,3.2000000000000002,kHz,0.41598207338897308
fcl,0.32500000000000001,3.25,kHz,0.40578264276960324
fcl,0.33000000000000002,3.2999999999999998,kHz,0.39580231197946886
fcl,0.33500000000000002,3.3500000000000001,kHz,0.38604504945358825
fcl,0.34000000000000002,3.4000000000000004,kHz,0.37651386569461032
fcl,0.34499999999999997,3.4499999999999997,kHz,0.36721080831169806
fcl,0.34999999999999998,3.5,kHz,0.35813697017834278
fcl,0.35499999999999998,3.5499999999999998,kHz,0.3492925020824148
fcl,0.35999999999999999,3.6000000000000001,kHz,0.34067663174873025
fcl,0.36499999999999999,3.6499999999999999,kHz,0.33228768848805662
fcl,0.37,3.7000000000000002,kHz,0.32412313610076254
fcl,0.375,3.75,kHz,0.31617961066377831
fcl,0.38,3.7999999999999998,kHz,0.30845296391132015
fcl,0.38500000000000001,3.8500000000000001,kHz,0.30093831045880537
fcl,0.39000000000000001,3.8999999999999999,kHz,0.29363007985944678
fcl,0.39500000000000002,3.9500000000000002,kHz,0.28652207584102457
fcl,0.40000000000000002,4,kHz,0.27960753472852706
fcl,0.40500000000000003,4.0500000000000007,kHz,0.27287918934162814
fcl,0.40999999999999998,4.0999999999999996,kHz,0.26632933284161181
fcl,0.41499999999999998,4.1500000000000004,kHz,0.25994988807470015
fcl,0.41999999999999998,4.2000000000000002,kHz,0.25373247355787265
fcl,0.42499999999999999,4.25,kHz,0.24766847423144653
fcl,0.42999999999999999,4.2999999999999998,kHz,0.24174910697457144
fcl,0.435,4.3499999999999996,kHz,0.23596549198109598
fcl,0.44,4.4000000000000004,kHz,0.23030871645670023
fcl,0.44500000000000001,4.4500000000000002,kHz,0.22476990026191526
fcl,0.45000000000000001,4.5,kHz,0.21934025813086769
fcl,0.45500000000000002,4.5499999999999998,kHz,0.2140111616030767
fcl,0.46000000000000002,4.5999999999999996,kHz,0.2087741923208363
fcl,0.46500000000000002,4.6500000000000004,kHz,0.20362119728263486
fcl,0.46999999999999997,4.7000000000000002,kHz,0.19854434021283782
fcl,0.47499999999999998,4.75,kHz,0.19353614334635785
fcl,0.47999999999999998,4.7999999999999998,kHz,0.18858953250049862
fcl,0.48499999999999999,4.8499999999999996,kHz,0.18369787229344453
fcl,0.48999999999999999,4.9000000000000004,kHz,0.17885500074371694
fcl,0.495,4.9500000000000002,kHz,0.17405525665371219
fcl,0.5,5,kHz,0.16929350548224845
fsb,-0.5,-5,kHz,0.40589851263649157
fsb,-0.495,-4.9500000000000002,kHz,0.4073012487826021
fsb,-0.48999999999999999,-4.9000000000000004,kHz,0.40867728437489509
fsb,-0.48499999999999999,-4.8499999999999996,kHz,0.41001042993975867
fsb,-0.47999999999999998,-4.7999999999999998,kHz,0.41128323687896201
fsb,-0.47499999999999998,-4.75,kHz,0.41247703404967867
fsb,-0.46999999999999997,-4.7000000000000002,kHz,0.41357200219748652
fsb,-0.46500000000000002,-4.6500000000000004,kHz,0.41454729288652609
fsb,-0.46000000000000002,-4.5999999999999996,kHz,0.41538121439962633
fsb,-0.45500000000000002,-4.5499999999999998,kHz,0.41605148819523896
fsb,-0.45000000000000001,-4.5,kHz,0.41653558841652133
fsb,-0.44500000000000001,-4.4500000000000002,kHz,0.41681116624534909
fsb,-0.44,-4.4000000000000004,kHz,0.41685655994586718
fsb,-0.435,-4.3499999999999996,kHz,0.4166513756641681
fsb,-0.42999999999999999,-4.2999999999999998,kHz,0.41617712960070191
fsb,-0.42499999999999999,-4.25,kHz,0.41541792596271965
fsb,-0.41999999999999998,-4.2000000000000002,kHz,0.41436115386601641
fsb,-0.41499999999999998,-4.1500000000000004,kHz,0.41299815057982459
fsb,-0.40999999999999998,-4.0999999999999996,kHz,0.41132482670993542
fsb,-0.40500000000000003,-4.0500000000000007,kHz,0.40934218821892454
fsb,-0.40000000000000002,-4,kHz,0.40705674531594321
fsb,-0.39500000000000002,-3.9500000000000002,kHz,0.40448075752629209
fsb,-0.39000000000000001,-3.8999999999999999,kHz,0.40163230745884382
fsb,-0.38500000000000001,-3.8500000000000001,kHz,0.39853516815952178
fsb,-0.38,-3.7999999999999998,kHz,0.39521846512722092
fsb,-0.375,-3.75,kHz,0.39171613255694832
fsb,-0.37,-3.7000000000000002,kHz,0.38806617281539907
fsb,-0.36499999999999999,-3.6499999999999999,kHz,0.38430975207846702
fsb,-0.35999999999999999,-3.6000000000000001,kHz,0.38049014992117497
fsb,-0.35499999999999998,-3.5499999999999998,kHz,0.37665163439584654
fsb,-0.34999999999999998,-3.5,kHz,0.37283828121783463
fsb,-0.34499999999999997,-3.4499999999999997,kHz,0.36909282357714362
fsb,-0.34000000000000002,-3.4000000000000004,kHz,0.36545557312033561
fsb,-0.33500000000000002,-3.3500000000000001,kHz,0.36196347100945558
fsb,-0.33000000000000002,-3.2999999999999998,kHz,0.35864932689233586
fsb,-0.32500000000000001,-3.25,kHz,0.35554128302884991
fsb,-0.32000000000000001,-3.2000000000000002,kHz,0.35266253580181983
fsb,-0.315,-3.1499999999999999,kHz,0.35003133563494854
fsb,-0.31,-3.1000000000000001,kHz,0.347661266794355
fsb,-0.30499999999999999,-3.0499999999999998,kHz,0.34556179360802208
fsb,-0.29999999999999999,-3,kHz,0.3437390489592933
fsb,-0.29499999999999998,-2.9500000000000002,kHz,0.34219681839254174
fsb,-0.28999999999999998,-2.8999999999999999,kHz,0.34093767345235831
fsb,-0.28499999999999998,-2.8499999999999996,kHz,0.33996418724741068
fsb,-0.28000000000000003,-2.8000000000000003,kHz,0.33928017028722496
fsb,-0.27500000000000002,-2.75,kHz,0.33889185830064461
fsb,-0.27000000000000002,-2.7000000000000002,kHz,0.33880898290813855
fsb,-0.26500000000000001,-2.6499999999999999,kHz,0.3390456769226724
fsb,-0.26000000000000001,-2.6000000000000001,kHz,0.33962115803452619
fsb,-0.255,-2.5499999999999998,kHz,0.340560161109283
fsb,-0.25,-2.5,kHz,0.34189309156173353
fsb,-0.245,-2.4500000000000002,kHz,0.34365590608516039
fsb,-0.23999999999999999,-2.3999999999999999,kHz,0.345889707852715
fsb,-0.23499999999999999,-2.3500000000000001,kHz,0.3486400997561912
fsb,-0.23000000000000001,-2.2999999999999998,kHz,0.35195631477302686
fsb,-0.22500000000000001,-2.25,kHz,0.35589016433341281
fsb,-0.22,-2.2000000000000002,kHz,0.36049485857839408
fsb,-0.215,-2.1499999999999999,kHz,0.36582374246727295
fsb,-0.20999999999999999,-2.1000000000000001,kHz,0.3719289944045458
fsb,-0.20499999999999999,-2.0499999999999998,kHz,0.3788603355886373
fsb,-0.20000000000000001,-2,kHz,0.38666378511158045
fsb,-0.19500000000000001,-1.95,kHz,0.39538049530357489
fsb,-0.19,-1.8999999999999999,kHz,0.40504568738500102
fsb,-0.185,-1.8500000000000001,kHz,0.41568770058918264
fsb,-0.17999999999999999,-1.8,kHz,0.42732716649025054
fsb,-0.17499999999999999,-1.75,kHz,0.43997630522180092
fsb,-0.17000000000000001,-1.7000000000000002,kHz,0.45363833437202511
fsb,-0.16500000000000001,-1.6499999999999999,kHz,0.46830699484981547
fsb,-0.16,-1.6000000000000001,kHz,0.48396617111912282
fsb,-0.155,-1.55,kHz,0.50058960780622885
fsb,-0.14999999999999999,-1.5,kHz,0.51814071327355316
fsb,-0.14499999999999999,-1.45,kHz,0.53657245124017205
fsb,-0.14000000000000001,-1.4000000000000001,kHz,0.55582731681072861
fsb,-0.13500000000000001,-1.3500000000000001,kHz,0.57583741554419621
fsb,-0.13,-1.3,kHz,0.59652464249069792
fsb,-0.125,-1.25,kHz,0.61780098732750477
fsb,-0.12,-1.2,kHz,0.6395689707786375
fsb,-0.115,-1.1499999999999999,kHz,0.66172223438457067
fsb,-0.11,-1.1000000000000001,kHz,0.68414629111893366
fsb,-0.105,-1.05,kHz,0.70671944679616427
fsb,-0.10000000000000001,-1,kHz,0.72931389856601792
fsb,-0.095000000000000001,-0.94999999999999996,kHz,0.7517970032487189
fsb,-0.089999999999999997,-0.90000000000000002,kHz,0.77403270530188184
fsb,-0.085000000000000006,-0.85000000000000009,kHz,0.79588310725204203
fsb,-0.080000000000000002,-0.80000000000000004,kHz,0.81721015884448334
fsb,-0.074999999999999997,-0.75,kHz,0.83787742441904478
fsb,-0.070000000000000007,-0.70000000000000007,kHz,0.85775189834451704
fsb,-0.065000000000000002,-0.65000000000000002,kHz,0.87670582138054309
fsb,-0.059999999999999998,-0.59999999999999998,kHz,0.89461845386013261
fsb,-0.055,-0.55000000000000004,kHz,0.91137775806560695
fsb,-0.050000000000000003,-0.5,kHz,0.92688195324283695
fsb,-0.044999999999999998,-0.45000000000000001,kHz,0.94104089192815543
fsb,-0.040000000000000001,-0.40000000000000002,kHz,0.95377723218627652
fsb,-0.035000000000000003,-0.35000000000000003,kHz,0.96502737222146195
fsb,-0.029999999999999999,-0.29999999999999999,kHz,0.97474212694145468
fsb,-0.025000000000000001,-0.25,kHz,0.98288713496478552
fsb,-0.02,-0.20000000000000001,kHz,0.98944299116774603
fsb,-0.014999999999999999,-0.14999999999999999,kHz,0.99440510883109257
fsb,-0.01,-0.10000000000000001,kHz,0.99778332440531348
fsb,-0.0050000000000000001,-0.050000000000000003,kHz,0.99960126313183073
fsb,0,0,kHz,0.99989549141336331
fsb,0.0050000000000000001,0.050000000000000003,kHz,0.99871448543797714
fsb,0.01,0.10000000000000001,kHz,0.99611745082129166
fsb,0.014999999999999999,0.14999999999999999,kHz,0.99217302613578728
fsb,0.02,0.20000000000000001,kHz,0.98695790783929804
fsb,0.025000000000000001,0.25,kHz,0.98055543176428639
fsb,0.029999999999999999,0.29999999999999999,kHz,0.97305414515400956
fsb,0.035000000000000003,0.35000000000000003,kHz,0.9645464001341445
fsb,0.040000000000000001,0.40000000000000002,kHz,0.95512699533724477
fsb,0.044999999999999998,0.45000000000000001,kHz,0.94489189074268209
fsb,0.050000000000000003,0.5,kHz,0.9339370148569428
fsb,0.055,0.55000000000000004,kHz,0.92235717856902633
fsb,0.059999999999999998,0.59999999999999998,kHz,0.91024510742077847
fsb,0.065000000000000002,0.65000000000000002,kHz,0.89769059794232087
fsb,0.070000000000000007,0.70000000000000007,kHz,0.88477980215476693
fsb,0.074999999999999997,0.75,kHz,0.87159463904206136
fsb,0.080000000000000002,0.80000000000000004,kHz,0.85821232918928203
fsb,0.085000000000000006,0.85000000000000009,kHz,0.84470504589874018
fsb,0.089999999999999997,0.90000000000000002,kHz,0.83113967712714609
fsb,0.095000000000000001,0.94999999999999996,kHz,0.81757768725873503
fsb,0.10000000000000001,1,kHz,0.80407506767578463
fsb,0.105,1.05,kHz,0.79068236922402813
fsb,0.11,1.1000000000000001,kHz,0.77744479665118482
fsb,0.115,1.1499999999999999,kHz,0.76440236932756933
fsb,0.12,1.2,kHz,0.75159011960366728
fsb,0.125,1.25,kHz,0.73903832998127683
fsb,0.13,1.3,kHz,0.72677280721558946
fsb,0.13500000000000001,1.3500000000000001,kHz,0.71481516082845686
fsb,0.14000000000000001,1.4000000000000001,kHz,0.70318310491721969
fsb,0.14499999999999999,1.45,kHz,0.69189076181266174
fsb,0.14999999999999999,1.5,kHz,0.68094897046528235
fsb,0.155,1.55,kHz,0.6703655816689833
fsb,0.16,1.6000000000000001,kHz,0.66014575398728526
fsb,0.16500000000000001,1.6499999999999999,kHz,0.65029223687067239
fsb,0.17000000000000001,1.7000000000000002,kHz,0.64080563655530853
fsb,0.17499999999999999,1.75,kHz,0.63168467804336426
fsb,0.17999999999999999,1.8,kHz,0.62292643468735565
fsb,0.185,1.8500000000000001,kHz,0.61452655630029895
fsb,0.19,1.8999999999999999,kHz,0.60647947437081295
fsb,0.19500000000000001,1.95,kHz,0.59877858979250731
fsb,0.20000000000000001,2,kHz,0.59141644539320681
fsb,0.20499999999999999,2.0499999999999998,kHz,0.58438488513536668
fsb,0.20999999999999999,2.1000000000000001,kHz,0.57767519158741043
fsb,0.215,2.1499999999999999,kHz,0.57127821528579503
fsb,0.22,2.2000000000000002,kHz,0.56518448764922613
fsb,0.22500000000000001,2.25,kHz,0.55938431824143175
fsb,0.23000000000000001,2.2999999999999998,kHz,0.55386788791970165
fsb,0.23499999999999999,2.3500000000000001,kHz,0.54862532246417317
fsb,0.23999999999999999,2.3999999999999999,kHz,0.5436467597183936
fsb,0.245,2.4500000000000002,kHz,0.53892240663806534
fsb,0.25,2.5,kHz,0.53444259297468411
fsb,0.255,2.5499999999999998,kHz,0.5301978049944106
fsb,0.26000000000000001,2.6000000000000001,kHz,0.52617872781670438
fsb,0.26500000000000001,2.6499999999999999,kHz,0.5223762693172932
fsb,0.27000000000000002,2.7000000000000002,kHz,0.51878158385450568
fsb,0.27500000000000002,2.75,kHz,0.51538608954213172
fsb,0.28000000000000003,2.8000000000000003,kHz,0.51218148494767124
fsb,0.28499999999999998,2.8499999999999996,kHz,0.50915975489398668
fsb,0.28999999999999998,2.8999999999999999,kHz,0.50631318013834004
fsb,0.29499999999999998,2.9500000000000002,kHz,0.50363433747037789
fsb,0.29999999999999999,3,kHz,0.50111610557657316
fsb,0.30499999999999999,3.0499999999999998,kHz,0.49875166114305047
fsb,0.31,3.1000000000000001,kHz,0.49653447523986655
fsb,0.315,3.1499999999999999,kHz,0.49445830963946313
fsb,0.32000000000000001,3.2000000000000002,kHz,0.49251721345755795
fsb,0.32500000000000001,3.25,kHz,0.49070551447669974
fsb,0.33000000000000002,3.2999999999999998,kHz,0.48901781150756835
fsb,0.33500000000000002,3.3500000000000001,kHz,0.48744896755590034
fsb,0.34000000000000002,3.4000000000000004,kHz,0.48599409940149585
fsb,0.34499999999999997,3.4499999999999997,kHz,0.48464857115507126
fsb,0.34999999999999998,3.5,kHz,0.48340798251663092
fsb,0.35499999999999998,3.5499999999999998,kHz,0.48226816368848496
fsb,0.35999999999999999,3.6000000000000001,kHz,0.48122515800658155
fsb,0.36499999999999999,3.6499999999999999,kHz,0.48027522179200688
fsb,0.37,3.7000000000000002,kHz,0.47941480681114934
fsb,0.375,3.75,kHz,0.47864055778608633
fsb,0.38,3.7999999999999998,kHz,0.47794929843799938
fsb,0.38500000000000001,3.8500000000000001,kHz,0.47733802365518158
fsb,0.39000000000000001,3.8999999999999999,kHz,0.47680389194782319
fsb,0.39500000000000002,3.9500000000000002,kHz,0.47634421538048122
fsb,0.40000000000000002,4,kHz,0.47595645127784481
fsb,0.40500000000000003,4.0500000000000007,kHz,0.47563819348242814
fsb,0.40999999999999998,4.0999999999999996,kHz,0.47538716561017397
fsb,0.41499999999999998,4.1500000000000004,kHz,0.47520121219414413
fsb,0.41999999999999998,4.2000000000000002,kHz,0.47507828962634335
fsb,0.42499999999999999,4.25,kHz,0.47501646137308645
fsb,0.42999999999999999,4.2999999999999998,kHz,0.4750138883787029
fsb,0.435,4.3499999999999996,kHz,0.47506882295637759
fsb,0.44,4.4000000000000004,kHz,0.47517960212984089
fsb,0.44500000000000001,4.4500000000000002,kHz,0.47534463936343335
fsb,0.45000000000000001,4.5,kHz,0.47556241950463163
fsb,0.45500000000000002,4.5499999999999998,kHz,0.47583149271367964
fsb,0.46000000000000002,4.5999999999999996,kHz,0.47615046692896074
fsb,0.46500000000000002,4.6500000000000004,kHz,0.47651800266097027
fsb,0.46999999999999997,4.7000000000000002,kHz,0.47693280734932175
fsb,0.47499999999999998,4.75,kHz,0.47739363103163363
fsb,0.47999999999999998,4.7999999999999998,kHz,0.47789925886548945
fsb,0.48499999999999999,4.8499999999999996,kHz,0.47844850803454175
fsb,0.48999999999999999,4.9000000000000004,kHz,0.47904022224466369
fsb,0.495,4.9500000000000002,kHz,0.4796732680529841
fsb,0.5,5,kHz,0.48034652937971839
amp,-0.5,-0.09999999999999995,DeltaA_over_Aopt,0.97290351577671874
amp,-0.495,-0.098999999999999949,DeltaA_over_Aopt,0.97340688509265116
amp,-0.48999999999999999,-0.097999999999999948,DeltaA_over_Aopt,0.97390565770538229
amp,-0.48499999999999999,-0.096999999999999947,DeltaA_over_Aopt,0.97439982882610809
amp,-0.47999999999999998,-0.09599999999999996,DeltaA_over_Aopt,0.97488939374810968
amp,-0.47499999999999998,-0.094999999999999959,DeltaA_over_Aopt,0.97537434781315757
amp,-0.46999999999999997,-0.093999999999999959,DeltaA_over_Aopt,0.97585468639467499
amp,-0.46500000000000002,-0.092999999999999972,DeltaA_over_Aopt,0.97633040491328604
amp,-0.46000000000000002,-0.091999999999999971,DeltaA_over_Aopt,0.97680149881564926
amp,-0.45500000000000002,-0.090999999999999956,DeltaA_over_Aopt,0.97726796365001567
amp,-0.45000000000000001,-0.089999999999999955,DeltaA_over_Aopt,0.97772979491021383
amp,-0.44500000000000001,-0.088999999999999954,DeltaA_over_Aopt,0.97818698824367334
amp,-0.44,-0.087999999999999953,DeltaA_over_Aopt,0.97863953928530822
amp,-0.435,-0.086999999999999966,DeltaA_over_Aopt,0.9790874437245779
amp,-0.42999999999999999,-0.085999999999999965,DeltaA_over_Aopt,0.97953069730108899
amp,-0.42499999999999999,-0.084999999999999964,DeltaA_over_Aopt,0.97996929578528169
amp,-0.41999999999999998,-0.083999999999999964,DeltaA_over_Aopt,0.98040323500469606
amp,-0.41499999999999998,-0.082999999999999963,DeltaA_over_Aopt,0.98083251085547041
amp,-0.40999999999999998,-0.081999999999999962,DeltaA_over_Aopt,0.98125711920496772
amp,-0.40500000000000003,-0.080999999999999961,DeltaA_over_Aopt,0.98167705606585598
amp,-0.40000000000000002,-0.07999999999999996,DeltaA_over_Aopt,0.98209231742342962
amp,-0.39500000000000002,-0.078999999999999959,DeltaA_over_Aopt,0.98250289931726942
amp,-0.39000000000000001,-0.077999999999999972,DeltaA_over_Aopt,0.98290879785643426
amp,-0.38500000000000001,-0.076999999999999971,DeltaA_over_Aopt,0.98331000920255562
amp,-0.38,-0.07599999999999997,DeltaA_over_Aopt,0.98370652952517634
amp,-0.375,-0.074999999999999969,DeltaA_over_Aopt,0.98409835507018784
amp,-0.37,-0.073999999999999969,DeltaA_over_Aopt,0.98448548211028486
amp,-0.36499999999999999,-0.072999999999999968,DeltaA_over_Aopt,0.98486790699028981
amp,-0.35999999999999999,-0.071999999999999967,DeltaA_over_Aopt,0.9852456260611544
amp,-0.35499999999999998,-0.070999999999999966,DeltaA_over_Aopt,0.98561863574588326
amp,-0.34999999999999998,-0.069999999999999965,DeltaA_over_Aopt,0.98598693252002134
amp,-0.34499999999999997,-0.068999999999999964,DeltaA_over_Aopt,0.98635051287497533
amp,-0.34000000000000002,-0.067999999999999977,DeltaA_over_Aopt,0.98670937337818043
amp,-0.33500000000000002,-0.066999999999999976,DeltaA_over_Aopt,0.98706351063365239
amp,-0.33000000000000002,-0.065999999999999975,DeltaA_over_Aopt,0.98741292127982028
amp,-0.32500000000000001,-0.064999999999999974,DeltaA_over_Aopt,0.98775760201659524
amp,-0.32000000000000001,-0.063999999999999974,DeltaA_over_Aopt,0.9880975495828862
amp,-0.315,-0.062999999999999973,DeltaA_over_Aopt,0.98843276075887754
amp,-0.31,-0.061999999999999972,DeltaA_over_Aopt,0.98876323239272068
amp,-0.30499999999999999,-0.060999999999999971,DeltaA_over_Aopt,0.98908896131258317
amp,-0.29999999999999999,-0.05999999999999997,DeltaA_over_Aopt,0.98940994453006637
amp,-0.29499999999999998,-0.058999999999999969,DeltaA_over_Aopt,0.98972617893470638
amp,-0.28999999999999998,-0.057999999999999968,DeltaA_over_Aopt,0.99003766157431305
amp,-0.28499999999999998,-0.056999999999999967,DeltaA_over_Aopt,0.99034438951415504
amp,-0.28000000000000003,-0.05599999999999998,DeltaA_over_Aopt,0.99064635984620808
amp,-0.27500000000000002,-0.054999999999999979,DeltaA_over_Aopt,0.99094356971164521
amp,-0.27000000000000002,-0.053999999999999979,DeltaA_over_Aopt,0.99123601638403791
amp,-0.26500000000000001,-0.052999999999999978,DeltaA_over_Aopt,0.99152369701594978
amp,-0.26000000000000001,-0.051999999999999977,DeltaA_over_Aopt,0.9918066089904608
amp,-0.255,-0.050999999999999983,DeltaA_over_Aopt,0.99208474954396952
amp,-0.25,-0.049999999999999975,DeltaA_over_Aopt,0.99235811620502523
amp,-0.245,-0.048999999999999974,DeltaA_over_Aopt,0.99262670624242266
amp,-0.23999999999999999,-0.04799999999999998,DeltaA_over_Aopt,0.9928905172363558
amp,-0.23499999999999999,-0.046999999999999979,DeltaA_over_Aopt,0.99314954668905098
amp,-0.23000000000000001,-0.045999999999999985,DeltaA_over_Aopt,0.99340379219649555
amp,-0.22500000000000001,-0.044999999999999978,DeltaA_over_Aopt,0.99365325131503945
amp,-0.22,-0.043999999999999977,DeltaA_over_Aopt,0.99389792179006897
amp,-0.215,-0.042999999999999983,DeltaA_over_Aopt,0.99413780125483298
amp,-0.20999999999999999,-0.041999999999999982,DeltaA_over_Aopt,0.99437288750535824
amp,-0.20499999999999999,-0.040999999999999981,DeltaA_over_Aopt,0.99460317835823897
amp,-0.20000000000000001,-0.03999999999999998,DeltaA_over_Aopt,0.99482867163191235
amp,-0.19500000000000001,-0.038999999999999986,DeltaA_over_Aopt,0.99504936526266563
amp,-0.19,-0.037999999999999985,DeltaA_over_Aopt,0.99526525714192116
amp,-0.185,-0.036999999999999984,DeltaA_over_Aopt,0.99547634530981033
amp,-0.17999999999999999,-0.035999999999999983,DeltaA_over_Aopt,0.99568262777046102
amp,-0.17499999999999999,-0.034999999999999983,DeltaA_over_Aopt,0.99588410264180638
amp,-0.17000000000000001,-0.033999999999999989,DeltaA_over_Aopt,0.99608076802040102
amp,-0.16500000000000001,-0.032999999999999988,DeltaA_over_Aopt,0.99627262207376333
amp,-0.16,-0.031999999999999987,DeltaA_over_Aopt,0.996459663080004
amp,-0.155,-0.030999999999999986,DeltaA_over_Aopt,0.99664188927028918
amp,-0.14999999999999999,-0.029999999999999985,DeltaA_over_Aopt,0.99681929896712662
amp,-0.14499999999999999,-0.028999999999999984,DeltaA_over_Aopt,0.99699189052771875
amp,-0.14000000000000001,-0.02799999999999999,DeltaA_over_Aopt,0.99715966239165044
amp,-0.13500000000000001,-0.026999999999999989,DeltaA_over_Aopt,0.997322612980306
amp,-0.13,-0.025999999999999988,DeltaA_over_Aopt,0.99748074083185345
amp,-0.125,-0.024999999999999988,DeltaA_over_Aopt,0.99763404446955151
amp,-0.12,-0.02399999999999999,DeltaA_over_Aopt,0.99778252250584043
amp,-0.115,-0.022999999999999993,DeltaA_over_Aopt,0.99792617357192193
amp,-0.11,-0.021999999999999988,DeltaA_over_Aopt,0.99806499639014856
amp,-0.105,-0.020999999999999991,DeltaA_over_Aopt,0.998198989666504
amp,-0.10000000000000001,-0.01999999999999999,DeltaA_over_Aopt,0.99832815218682169
amp,-0.095000000000000001,-0.018999999999999993,DeltaA_over_Aopt,0.99845248281485732
amp,-0.089999999999999997,-0.017999999999999992,DeltaA_over_Aopt,0.99857198040538497
amp,-0.085000000000000006,-0.016999999999999994,DeltaA_over_Aopt,0.99868664388713435
amp,-0.080000000000000002,-0.015999999999999993,DeltaA_over_Aopt,0.99879647223712464
amp,-0.074999999999999997,-0.014999999999999993,DeltaA_over_Aopt,0.99890146446968753
amp,-0.070000000000000007,-0.013999999999999995,DeltaA_over_Aopt,0.99900161966182122
amp,-0.065000000000000002,-0.012999999999999994,DeltaA_over_Aopt,0.99909693691723334
amp,-0.059999999999999998,-0.011999999999999995,DeltaA_over_Aopt,0.9991874153936674
amp,-0.055,-0.010999999999999994,DeltaA_over_Aopt,0.99927305430880597
amp,-0.050000000000000003,-0.009999999999999995,DeltaA_over_Aopt,0.99935385291395273
amp,-0.044999999999999998,-0.0089999999999999959,DeltaA_over_Aopt,0.99942981050588342
amp,-0.040000000000000001,-0.0079999999999999967,DeltaA_over_Aopt,0.99950092644171917
amp,-0.035000000000000003,-0.0069999999999999975,DeltaA_over_Aopt,0.9995672001145014
amp,-0.029999999999999999,-0.0059999999999999975,DeltaA_over_Aopt,0.9996286309563811
amp,-0.025000000000000001,-0.0049999999999999975,DeltaA_over_Aopt,0.99968521846567149
amp,-0.02,-0.0039999999999999983,DeltaA_over_Aopt,0.99973696217964658
amp,-0.014999999999999999,-0.0029999999999999988,DeltaA_over_Aopt,0.99978386167625233
amp,-0.01,-0.0019999999999999992,DeltaA_over_Aopt,0.99982591658752051
amp,-0.0050000000000000001,-0.00099999999999999959,DeltaA_over_Aopt,0.9998631265928809
amp,0,0,DeltaA_over_Aopt,0.99989549141336331
amp,0.0050000000000000001,0.00099999999999999959,DeltaA_over_Aopt,0.99992301081936452
amp,0.01,0.0019999999999999992,DeltaA_over_Aopt,0.99994568463194322
amp,0.014999999999999999,0.0029999999999999988,DeltaA_over_Aopt,0.9999635127163724
amp,0.02,0.0039999999999999983,DeltaA_over_Aopt,0.9999764949812523
amp,0.025000000000000001,0.0049999999999999975,DeltaA_over_Aopt,0.99998463138691762
amp,0.029999999999999999,0.0059999999999999975,DeltaA_over_Aopt,0.99998792193802388
amp,0.035000000000000003,0.0069999999999999975,DeltaA_over_Aopt,0.99998636669012986
amp,0.040000000000000001,0.0079999999999999967,DeltaA_over_Aopt,0.99997996574225312
amp,0.044999999999999998,0.0089999999999999959,DeltaA_over_Aopt,0.99996871923933373
amp,0.050000000000000003,0.009999999999999995,DeltaA_over_Aopt,0.99995262737970425
amp,0.055,0.010999999999999994,DeltaA_over_Aopt,0.99993169039880436
amp,0.059999999999999998,0.011999999999999995,DeltaA_over_Aopt,0.99990590858812023
amp,0.065000000000000002,0.012999999999999994,DeltaA_over_Aopt,0.9998752822811563
amp,0.070000000000000007,0.013999999999999995,DeltaA_over_Aopt,0.99983981186162973
amp,0.074999999999999997,0.014999999999999993,DeltaA_over_Aopt,0.99979949775385635
amp,0.080000000000000002,0.015999999999999993,DeltaA_over_Aopt,0.99975434043652744
amp,0.085000000000000006,0.016999999999999994,DeltaA_over_Aopt,0.99970434042672163
amp,0.089999999999999997,0.017999999999999992,DeltaA_over_Aopt,0.99964949830266425
amp,0.095000000000000001,0.018999999999999993,DeltaA_over_Aopt,0.99958981466958363
amp,0.10000000000000001,0.01999999999999999,DeltaA_over_Aopt,0.99952529020111924
amp,0.105,0.020999999999999991,DeltaA_over_Aopt,0.9994559256078237
amp,0.11,0.021999999999999988,DeltaA_over_Aopt,0.99938172163374905
amp,0.115,0.022999999999999993,DeltaA_over_Aopt,0.99930267908897508
amp,0.12,0.02399999999999999,DeltaA_over_Aopt,0.9992187988320127
amp,0.125,0.024999999999999988,DeltaA_over_Aopt,0.99913008175166762
amp,0.13,0.025999999999999988,DeltaA_over_Aopt,0.99903652879149385
amp,0.13500000000000001,0.026999999999999989,DeltaA_over_Aopt,0.99893814094691269
amp,0.14000000000000001,0.02799999999999999,DeltaA_over_Aopt,0.99883491924318657
amp,0.14499999999999999,0.028999999999999984,DeltaA_over_Aopt,0.99872686479162065
amp,0.14999999999999999,0.029999999999999985,DeltaA_over_Aopt,0.9986139787039332
amp,0.155,0.030999999999999986,DeltaA_over_Aopt,0.99849626215967469
amp,0.16,0.031999999999999987,DeltaA_over_Aopt,0.99837371638028272
amp,0.16500000000000001,0.032999999999999988,DeltaA_over_Aopt,0.99824634265415257
amp,0.17000000000000001,0.033999999999999989,DeltaA_over_Aopt,0.99811414228804141
amp,0.17499999999999999,0.034999999999999983,DeltaA_over_Aopt,0.99797711664149091
amp,0.17999999999999999,0.035999999999999983,DeltaA_over_Aopt,0.99783526714433379
amp,0.185,0.036999999999999984,DeltaA_over_Aopt,0.99768859523644182
amp,0.19,0.037999999999999985,DeltaA_over_Aopt,0.99753710242255489
amp,0.19500000000000001,0.038999999999999986,DeltaA_over_Aopt,0.99738079027805981
amp,0.20000000000000001,0.03999999999999998,DeltaA_over_Aopt,0.99721966038518994
amp,0.20499999999999999,0.040999999999999981,DeltaA_over_Aopt,0.99705371438024903
amp,0.20999999999999999,0.041999999999999982,DeltaA_over_Aopt,0.99688295397130688
amp,0.215,0.042999999999999983,DeltaA_over_Aopt,0.99670738089933786
amp,0.22,0.043999999999999977,DeltaA_over_Aopt,0.99652699693146263
amp,0.22500000000000001,0.044999999999999978,DeltaA_over_Aopt,0.99634180390782145
amp,0.23000000000000001,0.045999999999999985,DeltaA_over_Aopt,0.99615180371892165
amp,0.23499999999999999,0.046999999999999979,DeltaA_over_Aopt,0.99595699827508133
amp,0.23999999999999999,0.04799999999999998,DeltaA_over_Aopt,0.99575738953800763
amp,0.245,0.048999999999999974,DeltaA_over_Aopt,0.99555297954455724
amp,0.25,0.049999999999999975,DeltaA_over_Aopt,0.99534377035674249
amp,0.255,0.050999999999999983,DeltaA_over_Aopt,0.99512976407160358
amp,0.26000000000000001,0.051999999999999977,DeltaA_over_Aopt,0.99491096285928016
amp,0.26500000000000001,0.052999999999999978,DeltaA_over_Aopt,0.99468736893406429
amp,0.27000000000000002,0.053999999999999979,DeltaA_over_Aopt,0.99445898451709547
amp,0.27500000000000002,0.054999999999999979,DeltaA_over_Aopt,0.99422581191184667
amp,0.28000000000000003,0.05599999999999998,DeltaA_over_Aopt,0.99398785347953711
amp,0.28499999999999998,0.056999999999999967,DeltaA_over_Aopt,0.99374511159465917
amp,0.28999999999999998,0.057999999999999968,DeltaA_over_Aopt,0.99349758867804994
amp,0.29499999999999998,0.058999999999999969,DeltaA_over_Aopt,0.99324528722705296
amp,0.29999999999999999,0.05999999999999997,DeltaA_over_Aopt,0.99298820978208691
amp,0.30499999999999999,0.060999999999999971,DeltaA_over_Aopt,0.99272635889504035
amp,0.31,0.061999999999999972,DeltaA_over_Aopt,0.99245973718656255
amp,0.315,0.062999999999999973,DeltaA_over_Aopt,0.99218834733458017
amp,0.32000000000000001,0.063999999999999974,DeltaA_over_Aopt,0.99191219205451986
amp,0.32500000000000001,0.064999999999999974,DeltaA_over_Aopt,0.99163127409298157
amp,0.33000000000000002,0.065999999999999975,DeltaA_over_Aopt,0.99134559624576035
amp,0.33500000000000002,0.066999999999999976,DeltaA_over_Aopt,0.99105516137443894
amp,0.34000000000000002,0.067999999999999977,DeltaA_over_Aopt,0.99075997238185165
amp,0.34499999999999997,0.068999999999999964,DeltaA_over_Aopt,0.99046003218871925
amp,0.34999999999999998,0.069999999999999965,DeltaA_over_Aopt,0.99015534378322179
amp,0.35499999999999998,0.070999999999999966,DeltaA_over_Aopt,0.98984591024787283
amp,0.35999999999999999,0.071999999999999967,DeltaA_over_Aopt,0.9895317346157021
amp,0.36499999999999999,0.072999999999999968,DeltaA_over_Aopt,0.98921282001842137
amp,0.37,0.073999999999999969,DeltaA_over_Aopt,0.98888916962136075
amp,0.375,0.074999999999999969,DeltaA_over_Aopt,0.988560786677114
amp,0.38,0.07599999999999997,DeltaA_over_Aopt,0.98822767440879711
amp,0.38500000000000001,0.076999999999999971,DeltaA_over_Aopt,0.9878898361346985
amp,0.39000000000000001,0.077999999999999972,DeltaA_over_Aopt,0.98754727522418018
amp,0.39500000000000002,0.078999999999999959,DeltaA_over_Aopt,0.98719999506309319
amp,0.40000000000000002,0.07999999999999996,DeltaA_over_Aopt,0.98684799911055965
amp,0.40500000000000003,0.080999999999999961,DeltaA_over_Aopt,0.98649129083249176
amp,0.40999999999999998,0.081999999999999962,DeltaA_over_Aopt,0.9861298737761286
amp,0.41499999999999998,0.082999999999999963,DeltaA_over_Aopt,0.98576375155171547
amp,0.41999999999999998,0.083999999999999964,DeltaA_over_Aopt,0.98539292770752285
amp,0.42499999999999999,0.084999999999999964,DeltaA_over_Aopt,0.98501740605734189
amp,0.42999999999999999,0.085999999999999965,DeltaA_over_Aopt,0.98463719012523754
amp,0.435,0.086999999999999966,DeltaA_over_Aopt,0.98425228385930463
amp,0.44,0.087999999999999953,DeltaA_over_Aopt,0.98386269100443835
amp,0.44500000000000001,0.088999999999999954,DeltaA_over_Aopt,0.98346841532880702
amp,0.45000000000000001,0.089999999999999955,DeltaA_over_Aopt,0.98306946092636915
amp,0.45500000000000002,0.090999999999999956,DeltaA_over_Aopt,0.98266583145754272
amp,0.46000000000000002,0.091999999999999971,DeltaA_over_Aopt,0.98225753118755033
amp,0.46500000000000002,0.092999999999999972,DeltaA_over_Aopt,0.98184456413000387
amp,0.46999999999999997,0.093999999999999959,DeltaA_over_Aopt,0.98142693403000258
amp,0.47499999999999998,0.094999999999999959,DeltaA_over_Aopt,0.98100464555670952
amp,0.47999999999999998,0.09599999999999996,DeltaA_over_Aopt,0.98057770230519159
amp,0.48499999999999999,0.096999999999999947,DeltaA_over_Aopt,0.98014610892589915
amp,0.48999999999999999,0.097999999999999948,DeltaA_over_Aopt,0.97970986954438066
amp,0.495,0.098999999999999949,DeltaA_over_Aopt,0.97926898835360521
amp,0.5,0.09999999999999995,DeltaA_over_Aopt,0.97882346977828882
