score_mode,axis,x_u,x_physical,physical_unit,score
full_l1,fcl,-0.5,-5,kHz,0.30935205756877637
full_l1,fcl,-0.495,-4.9500000000000002,kHz,0.31469132032251923
full_l1,fcl,-0.48999999999999999,-4.9000000000000004,kHz,0.32000257076438454
full_l1,fcl,-0.48499999999999999,-4.8499999999999996,kHz,0.3252796728908518
full_l1,fcl,-0.47999999999999998,-4.7999999999999998,kHz,0.3305169738190592
full_l1,fcl,-0.47499999999999998,-4.75,kHz,0.335709377659138
full_l1,fcl,-0.46999999999999997,-4.7000000000000002,kHz,0.34085242393728343
full_l1,fcl,-0.46500000000000002,-4.6500000000000004,kHz,0.34594235646190918
full_l1,fcl,-0.46000000000000002,-4.5999999999999996,kHz,0.35097619197838603
full_l1,fcl,-0.45500000000000002,-4.5499999999999998,kHz,0.35595177602568229
full_l1,fcl,-0.45000000000000001,-4.5,kHz,0.36086783968181502
full_l1,fcl,-0.44500000000000001,-4.4500000000000002,kHz,0.36572404292123384
full_l1,fcl,-0.44,-4.4000000000000004,kHz,0.37052101027470419
full_l1,fcl,-0.435,-4.3499999999999996,kHz,0.37526036422734621
full_l1,fcl,-0.42999999999999999,-4.2999999999999998,kHz,0.37994473846654997
full_l1,fcl,-0.42499999999999999,-4.25,kHz,0.38457779188709296
full_l1,fcl,-0.41999999999999998,-4.2000000000000002,kHz,0.38916420728455836
full_l1,fcl,-0.41499999999999998,-4.1500000000000004,kHz,0.39370968216496538
full_l1,fcl,-0.40999999999999998,-4.0999999999999996,kHz,0.39822091054555131
full_l1,fcl,-0.40500000000000003,-4.0500000000000007,kHz,0.40270555131707697
full_l1,fcl,-0.40000000000000002,-4,kHz,0.40717219133886906
full_l1,fcl,-0.39500000000000002,-3.9500000000000002,kHz,0.4116302953571962
full_l1,fcl,-0.39000000000000001,-3.8999999999999999,kHz,0.41609015181836206
full_l1,fcl,-0.38500000000000001,-3.8500000000000001,kHz,0.42056280521026523
full_l1,fcl,-0.38,-3.7999999999999998,kHz,0.42505998082481522
full_l1,fcl,-0.375,-3.75,kHz,0.42959400615253651
full_l1,fcl,-0.37,-3.7000000000000002,kHz,0.43417772213963168
full_l1,fcl,-0.36499999999999999,-3.6499999999999999,kHz,0.43882438752860287
full_l1,fcl,-0.35999999999999999,-3.6000000000000001,kHz,0.44354758039618902
full_l1,fcl,-0.35499999999999998,-3.5499999999999998,kHz,0.44836109458450935
full_l1,fcl,-0.34999999999999998,-3.5,kHz,0.4532788328278532
full_l1,fcl,-0.34499999999999997,-3.4499999999999997,kHz,0.45831469397181546
full_l1,fcl,-0.34000000000000002,-3.4000000000000004,kHz,0.4634824622087117
full_l1,fcl,-0.33500000000000002,-3.3500000000000001,kHz,0.46879569426743606
full_l1,fcl,-0.33000000000000002,-3.2999999999999998,kHz,0.47426760708658366
full_l1,fcl,-0.32500000000000001,-3.25,kHz,0.47991096645273013
full_l1,fcl,-0.32000000000000001,-3.2000000000000002,kHz,0.48573797407966723
full_l1,fcl,-0.315,-3.1499999999999999,kHz,0.49176016390757371
full_l1,fcl,-0.31,-3.1000000000000001,kHz,0.49798829648425968
full_l1,fcl,-0.30499999999999999,-3.0499999999999998,kHz,0.50443225935919955
full_l1,fcl,-0.29999999999999999,-3,kHz,0.51110097457756409
full_l1,fcl,-0.29499999999999998,-2.9500000000000002,kHz,0.51800230941515035
full_l1,fcl,-0.28999999999999998,-2.8999999999999999,kHz,0.52514299647400609
full_l1,fcl,-0.28499999999999998,-2.8499999999999996,kHz,0.53252855748240224
full_l1,fcl,-0.28000000000000003,-2.8000000000000003,kHz,0.54016323799642918
full_l1,fcl,-0.27500000000000002,-2.75,kHz,0.548049950106416
full_l1,fcl,-0.27000000000000002,-2.7000000000000002,kHz,0.55619022121285344
full_l1,fcl,-0.26500000000000001,-2.6499999999999999,kHz,0.56458415390306593
full_l1,fcl,-0.26000000000000001,-2.6000000000000001,kHz,0.57323039670616771
full_l1,fcl,-0.255,-2.5499999999999998,kHz,0.58212611894276201
full_l1,fcl,-0.25,-2.5,kHz,0.59126700250729924
full_l1,fcl,-0.245,-2.4500000000000002,kHz,0.60064723661107355
full_l1,fcl,-0.23999999999999999,-2.3999999999999999,kHz,0.61025952536769701
full_l1,fcl,-0.23499999999999999,-2.3500000000000001,kHz,0.62009510679312874
full_l1,fcl,-0.23000000000000001,-2.2999999999999998,kHz,0.63014377527914345
full_l1,fcl,-0.22500000000000001,-2.25,kHz,0.64039391964486558
full_l1,fcl,-0.22,-2.2000000000000002,kHz,0.65083256517410271
full_l1,fcl,-0.215,-2.1499999999999999,kHz,0.66144542800717654
full_l1,fcl,-0.20999999999999999,-2.1000000000000001,kHz,0.672216974610929
full_l1,fcl,-0.20499999999999999,-2.0499999999999998,kHz,0.68313049027360129
full_l1,fcl,-0.20000000000000001,-2,kHz,0.69416815309301838
full_l1,fcl,-0.19500000000000001,-1.95,kHz,0.70531111859465878
full_l1,fcl,-0.19,-1.8999999999999999,kHz,0.71653960199195343
full_l1,fcl,-0.185,-1.8500000000000001,kHz,0.72783297641419886
full_l1,fcl,-0.17999999999999999,-1.8,kHz,0.73916986816258534
full_l1,fcl,-0.17499999999999999,-1.75,kHz,0.75052825501522324
full_l1,fcl,-0.17000000000000001,-1.7000000000000002,kHz,0.7618855744039178
full_l1,fcl,-0.16500000000000001,-1.6499999999999999,kHz,0.77321882810361153
full_l1,fcl,-0.16,-1.6000000000000001,kHz,0.78450469141612456
full_l1,fcl,-0.155,-1.55,kHz,0.79571961930433754
full_l1,fcl,-0.14999999999999999,-1.5,kHz,0.80683995950336596
full_l1,fcl,-0.14499999999999999,-1.45,kHz,0.81784205794442322
full_l1,fcl,-0.14000000000000001,-1.4000000000000001,kHz,0.82870236863990077
full_l1,fcl,-0.13500000000000001,-1.3500000000000001,kHz,0.83939755582561126
full_l1,fcl,-0.13,-1.3,kHz,0.84990459843472477
full_l1,fcl,-0.125,-1.25,kHz,0.86020088844611131
full_l1,fcl,-0.12,-1.2,kHz,0.87026432612306681
full_l1,fcl,-0.115,-1.1499999999999999,kHz,0.88007340938149348
full_l1,fcl,-0.11,-1.1000000000000001,kHz,0.88960731969220275
full_l1,fcl,-0.105,-1.05,kHz,0.89884600174464968
full_l1,fcl,-0.10000000000000001,-1,kHz,0.90777023578803395
full_l1,fcl,-0.095000000000000001,-0.94999999999999996,kHz,0.91636170524020233
full_l1,fcl,-0.089999999999999997,-0.90000000000000002,kHz,0.92460305664809073
full_l1,fcl,-0.085000000000000006,-0.85000000000000009,kHz,0.93247795207204931
full_l1,fcl,-0.080000000000000002,-0.80000000000000004,kHz,0.93997111469220995
full_l1,fcl,-0.074999999999999997,-0.75,kHz,0.94706836751078349
full_l1,fcl,-0.070000000000000007,-0.70000000000000007,kHz,0.95375666274349058
full_l1,fcl,-0.065000000000000002,-0.65000000000000002,kHz,0.96002410502900015
full_l1,fcl,-0.059999999999999998,-0.59999999999999998,kHz,0.96585996725129675
full_l1,fcl,-0.055,-0.55000000000000004,kHz,0.97125469723207492
full_l1,fcl,-0.050000000000000003,-0.5,kHz,0.97619991959199492
full_l1,fcl,-0.044999999999999998,-0.45000000000000001,kHz,0.98068842814644952
full_l1,fcl,-0.040000000000000001,-0.40000000000000002,kHz,0.98471417281797013
full_l1,fcl,-0.035000000000000003,-0.35000000000000003,kHz,0.98827224053801088
full_l1,fcl,-0.029999999999999999,-0.29999999999999999,kHz,0.99135882916343354
full_l1,fcl,-0.025000000000000001,-0.25,kHz,0.99397121608136263
full_l1,fcl,-0.02,-0.20000000000000001,kHz,0.99610772224721089
full_l1,fcl,-0.014999999999999999,-0.14999999999999999,kHz,0.99776767143871825
full_l1,fcl,-0.01,-0.10000000000000001,kHz,0.99895134522526308
full_l1,fcl,-0.0050000000000000001,-0.050000000000000003,kHz,0.99965993505586259
full_l1,fcl,0,0,kHz,0.99989549141336287
full_l1,fcl,0.0050000000000000001,0.050000000000000003,kHz,0.99966087086176159
full_l1,fcl,0.01,0.10000000000000001,kHz,0.9989596816403693
full_l1,fcl,0.014999999999999999,0.14999999999999999,kHz,0.9977962284405546
full_l1,fcl,0.02,0.20000000000000001,kHz,0.99617545698498178
full_l1,fcl,0.025000000000000001,0.25,kHz,0.9941028989715367
full_l1,fcl,0.029999999999999999,0.29999999999999999,kHz,0.9915846182585919
full_l1,fcl,0.035000000000000003,0.35000000000000003,kHz,0.98862715816102242
full_l1,fcl,0.040000000000000001,0.40000000000000002,kHz,0.98523749158864515
full_l1,fcl,0.044999999999999998,0.45000000000000001,kHz,0.98142297301855919
full_l1,fcl,0.050000000000000003,0.5,kHz,0.97719129409128658
full_l1,fcl,0.055,0.55000000000000004,kHz,0.97255044232599797
full_l1,fcl,0.059999999999999998,0.59999999999999998,kHz,0.96750866402518654
full_l1,fcl,0.065000000000000002,0.65000000000000002,kHz,0.96207443075681109
full_l1,fcl,0.070000000000000007,0.70000000000000007,kHz,0.95625641031618902
full_l1,fcl,0.074999999999999997,0.75,kHz,0.95006344230076367
full_l1,fcl,0.080000000000000002,0.80000000000000004,kHz,0.94350451818613745
full_l1,fcl,0.085000000000000006,0.85000000000000009,kHz,0.93658876557814841
full_l1,fcl,0.089999999999999997,0.90000000000000002,kHz,0.92932543696708836
full_l1,fcl,0.095000000000000001,0.94999999999999996,kHz,0.92172390357980938
full_l1,fcl,0.10000000000000001,1,kHz,0.91379365219373565
full_l1,fcl,0.105,1.05,kHz,0.90554428638462447
full_l1,fcl,0.11,1.1000000000000001,kHz,0.8969855320526382
full_l1,fcl,0.115,1.1499999999999999,kHz,0.88812724471109949
full_l1,fcl,0.12,1.2,kHz,0.87897942054329636
full_l1,fcl,0.125,1.25,kHz,0.86955220994069149
full_l1,fcl,0.13,1.3,kHz,0.85985593184005493
full_l1,fcl,0.13500000000000001,1.3500000000000001,kHz,0.84990109010715476
full_l1,fcl,0.14000000000000001,1.4000000000000001,kHz,0.83969839096848464
full_l1,fcl,0.14499999999999999,1.45,kHz,0.82925875957523421
full_l1,fcl,0.14999999999999999,1.5,kHz,0.8185933568154572
full_l1,fcl,0.155,1.55,kHz,0.80771359477133875
full_l1,fcl,0.16,1.6000000000000001,kHz,0.79663115166436937
full_l1,fcl,0.16500000000000001,1.6499999999999999,kHz,0.78535798335802842
full_l1,fcl,0.17000000000000001,1.7000000000000002,kHz,0.77390633306507561
full_l1,fcl,0.17499999999999999,1.75,kHz,0.76228873711794476
full_l1,fcl,0.17999999999999999,1.8,kHz,0.75051802915633892
full_l1,fcl,0.185,1.8500000000000001,kHz,0.738607338846066
full_l1,fcl,0.19,1.8999999999999999,kHz,0.72657008474399576
full_l1,fcl,0.19500000000000001,1.95,kHz,0.71441996709830624
full_l1,fcl,0.20000000000000001,2,kHz,0.70217095146347042
full_l1,fcl,0.20499999999999999,2.0499999999999998,kHz,0.68983725042173716
full_l1,fcl,0.20999999999999999,2.1000000000000001,kHz,0.67743329851295686
full_l1,fcl,0.215,2.1499999999999999,kHz,0.66497372468637661
full_l1,fcl,0.22,2.2000000000000002,kHz,0.65247331682205933
full_l1,fcl,0.22500000000000001,2.25,kHz,0.63994698323059174
full_l1,fcl,0.23000000000000001,2.2999999999999998,kHz,0.62740971038754034
full_l1,fcl,0.23499999999999999,2.3500000000000001,kHz,0.61487651608269833
full_l1,fcl,0.23999999999999999,2.3999999999999999,kHz,0.6023623964949828
full_l1,fcl,0.245,2.4500000000000002,kHz,0.58988227375464497
full_l1,fcl,0.25,2.5,kHz,0.57745093846623596
full_l1,fcl,0.255,2.5499999999999998,kHz,0.56508299009864893
full_l1,fcl,0.26000000000000001,2.6000000000000001,kHz,0.55279277472873278
full_l1,fcl,0.26500000000000001,2.6499999999999999,kHz,0.54059432442552902
full_l1,fcl,0.27000000000000002,2.7000000000000002,kHz,0.52850129343781727
full_l1,fcl,0.27500000000000002,2.75,kHz,0.51652689534459095
full_l1,fcl,0.28000000000000003,2.8000000000000003,kHz,0.5046838413230007
full_l1,fcl,0.28499999999999998,2.8499999999999996,kHz,0.49298428020996576
full_l1,fcl,0.28999999999999998,2.8999999999999999,kHz,0.48143973943687102
full_l1,fcl,0.29499999999999998,2.9500000000000002,kHz,0.47006107143542419
full_l1,fcl,0.29999999999999999,3,kHz,0.45885839860801236
full_l1,fcl,0.30499999999999999,3.0499999999999998,kHz,0.44784106756691378
full_l1,fcl,0.31,3.1000000000000001,kHz,0.43701760500881326
full_l1,fcl,0.315,3.1499999999999999,kHz,0.42639568107574255
full_l1,fcl,0.32000000000000001,3.2000000000000002,kHz,0.41598207338897653
full_l1,fcl,0.32500000000000001,3.25,kHz,0.40578264276956999
full_l1,fcl,0.33000000000000002,3.2999999999999998,kHz,0.39580231197941762
full_l1,fcl,0.33500000000000002,3.3500000000000001,kHz,0.38604504945357809
full_l1,fcl,0.34000000000000002,3.4000000000000004,kHz,0.37651386569459744
full_l1,fcl,0.34499999999999997,3.4499999999999997,kHz,0.36721080831169184
full_l1,fcl,0.34999999999999998,3.5,kHz,0.35813697017832646
full_l1,fcl,0.35499999999999998,3.5499999999999998,kHz,0.34929250208239027
full_l1,fcl,0.35999999999999999,3.6000000000000001,kHz,0.34067663174871599
full_l1,fcl,0.36499999999999999,3.6499999999999999,kHz,0.33228768848805657
full_l1,fcl,0.37,3.7000000000000002,kHz,0.32412313610079402
full_l1,fcl,0.375,3.75,kHz,0.31617961066375133
full_l1,fcl,0.38,3.7999999999999998,kHz,0.30845296391129962
full_l1,fcl,0.38500000000000001,3.8500000000000001,kHz,0.30093831045878927
full_l1,fcl,0.39000000000000001,3.8999999999999999,kHz,0.29363007985942136
full_l1,fcl,0.39500000000000002,3.9500000000000002,kHz,0.28652207584100875
full_l1,fcl,0.40000000000000002,4,kHz,0.27960753472855504
full_l1,fcl,0.40500000000000003,4.0500000000000007,kHz,0.27287918934164357
full_l1,fcl,0.40999999999999998,4.0999999999999996,kHz,0.26632933284163907
full_l1,fcl,0.41499999999999998,4.1500000000000004,kHz,0.25994988807469954
full_l1,fcl,0.41999999999999998,4.2000000000000002,kHz,0.25373247355788764
full_l1,fcl,0.42499999999999999,4.25,kHz,0.24766847423146832
full_l1,fcl,0.42999999999999999,4.2999999999999998,kHz,0.24174910697457497
full_l1,fcl,0.435,4.3499999999999996,kHz,0.2359654919811045
full_l1,fcl,0.44,4.4000000000000004,kHz,0.2303087164567228
full_l1,fcl,0.44500000000000001,4.4500000000000002,kHz,0.22476990026190813
full_l1,fcl,0.45000000000000001,4.5,kHz,0.21934025813087477
full_l1,fcl,0.45500000000000002,4.5499999999999998,kHz,0.21401116160308242
full_l1,fcl,0.46000000000000002,4.5999999999999996,kHz,0.20877419232085348
full_l1,fcl,0.46500000000000002,4.6500000000000004,kHz,0.20362119728260852
full_l1,fcl,0.46999999999999997,4.7000000000000002,kHz,0.19854434021282974
full_l1,fcl,0.47499999999999998,4.75,kHz,0.19353614334634484
full_l1,fcl,0.47999999999999998,4.7999999999999998,kHz,0.18858953250050325
full_l1,fcl,0.48499999999999999,4.8499999999999996,kHz,0.18369787229343437
full_l1,fcl,0.48999999999999999,4.9000000000000004,kHz,0.17885500074371619
full_l1,fcl,0.495,4.9500000000000002,kHz,0.17405525665370281
full_l1,fcl,0.5,5,kHz,0.1692935054822291
full_l1,fsb,-0.5,-5,kHz,0.40589851263647891
full_l1,fsb,-0.495,-4.9500000000000002,kHz,0.40730124878257656
full_l1,fsb,-0.48999999999999999,-4.9000000000000004,kHz,0.40867728437489736
full_l1,fsb,-0.48499999999999999,-4.8499999999999996,kHz,0.41001042993973869
full_l1,fsb,-0.47999999999999998,-4.7999999999999998,kHz,0.41128323687894253
full_l1,fsb,-0.47499999999999998,-4.75,kHz,0.41247703404967773
full_l1,fsb,-0.46999999999999997,-4.7000000000000002,kHz,0.41357200219748491
full_l1,fsb,-0.46500000000000002,-4.6500000000000004,kHz,0.41454729288655479
full_l1,fsb,-0.46000000000000002,-4.5999999999999996,kHz,0.41538121439961995
full_l1,fsb,-0.45500000000000002,-4.5499999999999998,kHz,0.41605148819523796
full_l1,fsb,-0.45000000000000001,-4.5,kHz,0.41653558841652338
full_l1,fsb,-0.44500000000000001,-4.4500000000000002,kHz,0.41681116624535153
full_l1,fsb,-0.44,-4.4000000000000004,kHz,0.41685655994585757
full_l1,fsb,-0.435,-4.3499999999999996,kHz,0.41665137566417476
full_l1,fsb,-0.42999999999999999,-4.2999999999999998,kHz,0.41617712960078079
full_l1,fsb,-0.42499999999999999,-4.25,kHz,0.415417925962696
full_l1,fsb,-0.41999999999999998,-4.2000000000000002,kHz,0.41436115386603745
full_l1,fsb,-0.41499999999999998,-4.1500000000000004,kHz,0.41299815058001832
full_l1,fsb,-0.40999999999999998,-4.0999999999999996,kHz,0.41132482670989101
full_l1,fsb,-0.40500000000000003,-4.0500000000000007,kHz,0.40934218821895296
full_l1,fsb,-0.40000000000000002,-4,kHz,0.40705674531592262
full_l1,fsb,-0.39500000000000002,-3.9500000000000002,kHz,0.40448075752630064
full_l1,fsb,-0.39000000000000001,-3.8999999999999999,kHz,0.40163230745886036
full_l1,fsb,-0.38500000000000001,-3.8500000000000001,kHz,0.39853516815951373
full_l1,fsb,-0.38,-3.7999999999999998,kHz,0.39521846512722325
full_l1,fsb,-0.375,-3.75,kHz,0.39171613255694981
full_l1,fsb,-0.37,-3.7000000000000002,kHz,0.38806617281539268
full_l1,fsb,-0.36499999999999999,-3.6499999999999999,kHz,0.38430975207846529
full_l1,fsb,-0.35999999999999999,-3.6000000000000001,kHz,0.38049014992117169
full_l1,fsb,-0.35499999999999998,-3.5499999999999998,kHz,0.37665163439590399
full_l1,fsb,-0.34999999999999998,-3.5,kHz,0.37283828121783058
full_l1,fsb,-0.34499999999999997,-3.4499999999999997,kHz,0.36909282357716378
full_l1,fsb,-0.34000000000000002,-3.4000000000000004,kHz,0.36545557312036037
full_l1,fsb,-0.33500000000000002,-3.3500000000000001,kHz,0.3619634710094366
full_l1,fsb,-0.33000000000000002,-3.2999999999999998,kHz,0.35864932689235962
full_l1,fsb,-0.32500000000000001,-3.25,kHz,0.35554128302885923
full_l1,fsb,-0.32000000000000001,-3.2000000000000002,kHz,0.35266253580181828
full_l1,fsb,-0.315,-3.1499999999999999,kHz,0.35003133563495181
full_l1,fsb,-0.31,-3.1000000000000001,kHz,0.34766126679433773
full_l1,fsb,-0.30499999999999999,-3.0499999999999998,kHz,0.3455617936080071
full_l1,fsb,-0.29999999999999999,-3,kHz,0.34373904895929774
full_l1,fsb,-0.29499999999999998,-2.9500000000000002,kHz,0.34219681839253335
full_l1,fsb,-0.28999999999999998,-2.8999999999999999,kHz,0.34093767345235515
full_l1,fsb,-0.28499999999999998,-2.8499999999999996,kHz,0.33996418724739463
full_l1,fsb,-0.28000000000000003,-2.8000000000000003,kHz,0.33928017028721147
full_l1,fsb,-0.27500000000000002,-2.75,kHz,0.33889185830062951
full_l1,fsb,-0.27000000000000002,-2.7000000000000002,kHz,0.33880898290813311
full_l1,fsb,-0.26500000000000001,-2.6499999999999999,kHz,0.33904567692267551
full_l1,fsb,-0.26000000000000001,-2.6000000000000001,kHz,0.33962115803451254
full_l1,fsb,-0.255,-2.5499999999999998,kHz,0.34056016110931164
full_l1,fsb,-0.25,-2.5,kHz,0.34189309156174197
full_l1,fsb,-0.245,-2.4500000000000002,kHz,0.34365590608516761
full_l1,fsb,-0.23999999999999999,-2.3999999999999999,kHz,0.34588970785271145
full_l1,fsb,-0.23499999999999999,-2.3500000000000001,kHz,0.34864009975621246
full_l1,fsb,-0.23000000000000001,-2.2999999999999998,kHz,0.35195631477303424
full_l1,fsb,-0.22500000000000001,-2.25,kHz,0.3558901643333986
full_l1,fsb,-0.22,-2.2000000000000002,kHz,0.36049485857838026
full_l1,fsb,-0.215,-2.1499999999999999,kHz,0.36582374246728766
full_l1,fsb,-0.20999999999999999,-2.1000000000000001,kHz,0.37192899440453941
full_l1,fsb,-0.20499999999999999,-2.0499999999999998,kHz,0.3788603355886595
full_l1,fsb,-0.20000000000000001,-2,kHz,0.38666378511159194
full_l1,fsb,-0.19500000000000001,-1.95,kHz,0.39538049530356201
full_l1,fsb,-0.19,-1.8999999999999999,kHz,0.4050456873850028
full_l1,fsb,-0.185,-1.8500000000000001,kHz,0.41568770058919058
full_l1,fsb,-0.17999999999999999,-1.8,kHz,0.42732716649026736
full_l1,fsb,-0.17499999999999999,-1.75,kHz,0.43997630522180198
full_l1,fsb,-0.17000000000000001,-1.7000000000000002,kHz,0.45363833437205359
full_l1,fsb,-0.16500000000000001,-1.6499999999999999,kHz,0.4683069948498102
full_l1,fsb,-0.16,-1.6000000000000001,kHz,0.48396617111909956
full_l1,fsb,-0.155,-1.55,kHz,0.50058960780627137
full_l1,fsb,-0.14999999999999999,-1.5,kHz,0.51814071327358835
full_l1,fsb,-0.14499999999999999,-1.45,kHz,0.53657245124020325
full_l1,fsb,-0.14000000000000001,-1.4000000000000001,kHz,0.55582731681071107
full_l1,fsb,-0.13500000000000001,-1.3500000000000001,kHz,0.57583741554420687
full_l1,fsb,-0.13,-1.3,kHz,0.59652464249076897
full_l1,fsb,-0.125,-1.25,kHz,0.61780098732752042
full_l1,fsb,-0.12,-1.2,kHz,0.63956897077862729
full_l1,fsb,-0.115,-1.1499999999999999,kHz,0.66172223438456124
full_l1,fsb,-0.11,-1.1000000000000001,kHz,0.68414629111895442
full_l1,fsb,-0.105,-1.05,kHz,0.70671944679615861
full_l1,fsb,-0.10000000000000001,-1,kHz,0.72931389856603901
full_l1,fsb,-0.095000000000000001,-0.94999999999999996,kHz,0.75179700324872401
full_l1,fsb,-0.089999999999999997,-0.90000000000000002,kHz,0.77403270530198198
full_l1,fsb,-0.085000000000000006,-0.85000000000000009,kHz,0.79588310725202727
full_l1,fsb,-0.080000000000000002,-0.80000000000000004,kHz,0.81721015884449766
full_l1,fsb,-0.074999999999999997,-0.75,kHz,0.83787742441905655
full_l1,fsb,-0.070000000000000007,-0.70000000000000007,kHz,0.85775189834449761
full_l1,fsb,-0.065000000000000002,-0.65000000000000002,kHz,0.87670582138056508
full_l1,fsb,-0.059999999999999998,-0.59999999999999998,kHz,0.89461845386012806
full_l1,fsb,-0.055,-0.55000000000000004,kHz,0.91137775806560972
full_l1,fsb,-0.050000000000000003,-0.5,kHz,0.92688195324281342
full_l1,fsb,-0.044999999999999998,-0.45000000000000001,kHz,0.94104089192815443
full_l1,fsb,-0.040000000000000001,-0.40000000000000002,kHz,0.95377723218625976
full_l1,fsb,-0.035000000000000003,-0.35000000000000003,kHz,0.96502737222144153
full_l1,fsb,-0.029999999999999999,-0.29999999999999999,kHz,0.97474212694146223
full_l1,fsb,-0.025000000000000001,-0.25,kHz,0.98288713496478253
full_l1,fsb,-0.02,-0.20000000000000001,kHz,0.9894429911677447
full_l1,fsb,-0.014999999999999999,-0.14999999999999999,kHz,0.99440510883108324
full_l1,fsb,-0.01,-0.10000000000000001,kHz,0.99778332440531681
full_l1,fsb,-0.0050000000000000001,-0.050000000000000003,kHz,0.99960126313182907
full_l1,fsb,0,0,kHz,0.99989549141336287
full_l1,fsb,0.0050000000000000001,0.050000000000000003,kHz,0.99871448543797681
full_l1,fsb,0.01,0.10000000000000001,kHz,0.9961174508212941
full_l1,fsb,0.014999999999999999,0.14999999999999999,kHz,0.99217302613579017
full_l1,fsb,0.02,0.20000000000000001,kHz,0.98695790783929216
full_l1,fsb,0.025000000000000001,0.25,kHz,0.98055543176427817
full_l1,fsb,0.029999999999999999,0.29999999999999999,kHz,0.97305414515401645
full_l1,fsb,0.035000000000000003,0.35000000000000003,kHz,0.96454640013414272
full_l1,fsb,0.040000000000000001,0.40000000000000002,kHz,0.95512699533724044
full_l1,fsb,0.044999999999999998,0.45000000000000001,kHz,0.94489189074269064
full_l1,fsb,0.050000000000000003,0.5,kHz,0.93393701485695657
full_l1,fsb,0.055,0.55000000000000004,kHz,0.92235717856902
full_l1,fsb,0.059999999999999998,0.59999999999999998,kHz,0.91024510742075559
full_l1,fsb,0.065000000000000002,0.65000000000000002,kHz,0.89769059794232742
full_l1,fsb,0.070000000000000007,0.70000000000000007,kHz,0.88477980215477414
full_l1,fsb,0.074999999999999997,0.75,kHz,0.87159463904207113
full_l1,fsb,0.080000000000000002,0.80000000000000004,kHz,0.85821232918925849
full_l1,fsb,0.085000000000000006,0.85000000000000009,kHz,0.84470504589883733
full_l1,fsb,0.089999999999999997,0.90000000000000002,kHz,0.83113967712713654
full_l1,fsb,0.095000000000000001,0.94999999999999996,kHz,0.81757768725876256
full_l1,fsb,0.10000000000000001,1,kHz,0.80407506767580039
full_l1,fsb,0.105,1.05,kHz,0.7906823692240188
full_l1,fsb,0.11,1.1000000000000001,kHz,0.77744479665120458
full_l1,fsb,0.115,1.1499999999999999,kHz,0.76440236932759686
full_l1,fsb,0.12,1.2,kHz,0.75159011960368038
full_l1,fsb,0.125,1.25,kHz,0.73903832998123742
full_l1,fsb,0.13,1.3,kHz,0.72677280721558901
full_l1,fsb,0.13500000000000001,1.3500000000000001,kHz,0.71481516082847318
full_l1,fsb,0.14000000000000001,1.4000000000000001,kHz,0.7031831049172208
full_l1,fsb,0.14499999999999999,1.45,kHz,0.69189076181264786
full_l1,fsb,0.14999999999999999,1.5,kHz,0.68094897046526415
full_l1,fsb,0.155,1.55,kHz,0.67036558166900773
full_l1,fsb,0.16,1.6000000000000001,kHz,0.66014575398726616
full_l1,fsb,0.16500000000000001,1.6499999999999999,kHz,0.65029223687024551
full_l1,fsb,0.17000000000000001,1.7000000000000002,kHz,0.64080563655531364
full_l1,fsb,0.17499999999999999,1.75,kHz,0.63168467804337958
full_l1,fsb,0.17999999999999999,1.8,kHz,0.62292643468738762
full_l1,fsb,0.185,1.8500000000000001,kHz,0.61452655630029396
full_l1,fsb,0.19,1.8999999999999999,kHz,0.60647947437082794
full_l1,fsb,0.19500000000000001,1.95,kHz,0.59877858979249554
full_l1,fsb,0.20000000000000001,2,kHz,0.5914164453932339
full_l1,fsb,0.20499999999999999,2.0499999999999998,kHz,0.58438488513537912
full_l1,fsb,0.20999999999999999,2.1000000000000001,kHz,0.57767519158743208
full_l1,fsb,0.215,2.1499999999999999,kHz,0.5712782152858169
full_l1,fsb,0.22,2.2000000000000002,kHz,0.56518448764923912
full_l1,fsb,0.22500000000000001,2.25,kHz,0.55938431824139312
full_l1,fsb,0.23000000000000001,2.2999999999999998,kHz,0.55386788791979047
full_l1,fsb,0.23499999999999999,2.3500000000000001,kHz,0.54862532246422457
full_l1,fsb,0.23999999999999999,2.3999999999999999,kHz,0.54364675971840337
full_l1,fsb,0.245,2.4500000000000002,kHz,0.53892240663811897
full_l1,fsb,0.25,2.5,kHz,0.53444259297462537
full_l1,fsb,0.255,2.5499999999999998,kHz,0.53019780499441593
full_l1,fsb,0.26000000000000001,2.6000000000000001,kHz,0.52617872781670627
full_l1,fsb,0.26500000000000001,2.6499999999999999,kHz,0.52237626931732428
full_l1,fsb,0.27000000000000002,2.7000000000000002,kHz,0.51878158385451845
full_l1,fsb,0.27500000000000002,2.75,kHz,0.51538608954216014
full_l1,fsb,0.28000000000000003,2.8000000000000003,kHz,0.51218148494769244
full_l1,fsb,0.28499999999999998,2.8499999999999996,kHz,0.50915975489434206
full_l1,fsb,0.28999999999999998,2.8999999999999999,kHz,0.50631318013834392
full_l1,fsb,0.29499999999999998,2.9500000000000002,kHz,0.50363433747037822
full_l1,fsb,0.29999999999999999,3,kHz,0.50111610557657715
full_l1,fsb,0.30499999999999999,3.0499999999999998,kHz,0.49875166114314817
full_l1,fsb,0.31,3.1000000000000001,kHz,0.4965344752398686
full_l1,fsb,0.315,3.1499999999999999,kHz,0.49445830963948101
full_l1,fsb,0.32000000000000001,3.2000000000000002,kHz,0.49251721345754618
full_l1,fsb,0.32500000000000001,3.25,kHz,0.49070551447670163
full_l1,fsb,0.33000000000000002,3.2999999999999998,kHz,0.48901781150808388
full_l1,fsb,0.33500000000000002,3.3500000000000001,kHz,0.48744896755590972
full_l1,fsb,0.34000000000000002,3.4000000000000004,kHz,0.48599409940149019
full_l1,fsb,0.34499999999999997,3.4499999999999997,kHz,0.48464857115507487
full_l1,fsb,0.34999999999999998,3.5,kHz,0.48340798251662287
full_l1,fsb,0.35499999999999998,3.5499999999999998,kHz,0.48226816368847036
full_l1,fsb,0.35999999999999999,3.6000000000000001,kHz,0.48122515800656407
full_l1,fsb,0.36499999999999999,3.6499999999999999,kHz,0.4802752217920192
full_l1,fsb,0.37,3.7000000000000002,kHz,0.47941480681115523
full_l1,fsb,0.375,3.75,kHz,0.47864055778618608
full_l1,fsb,0.38,3.7999999999999998,kHz,0.47794929843799439
full_l1,fsb,0.38500000000000001,3.8500000000000001,kHz,0.47733802365514455
full_l1,fsb,0.39000000000000001,3.8999999999999999,kHz,0.4768038919477946
full_l1,fsb,0.39500000000000002,3.9500000000000002,kHz,0.4763442153804931
full_l1,fsb,0.40000000000000002,4,kHz,0.47595645127785047
full_l1,fsb,0.40500000000000003,4.0500000000000007,kHz,0.47563819348240388
full_l1,fsb,0.40999999999999998,4.0999999999999996,kHz,0.47538716561019179
full_l1,fsb,0.41499999999999998,4.1500000000000004,kHz,0.47520121219414613
full_l1,fsb,0.41999999999999998,4.2000000000000002,kHz,0.47507828962634235
full_l1,fsb,0.42499999999999999,4.25,kHz,0.47501646137308895
full_l1,fsb,0.42999999999999999,4.2999999999999998,kHz,0.47501388837869762
full_l1,fsb,0.435,4.3499999999999996,kHz,0.47506882295635178
full_l1,fsb,0.44,4.4000000000000004,kHz,0.47517960212982624
full_l1,fsb,0.44500000000000001,4.4500000000000002,kHz,0.47534463936346549
full_l1,fsb,0.45000000000000001,4.5,kHz,0.47556241950464662
full_l1,fsb,0.45500000000000002,4.5499999999999998,kHz,0.47583149271364888
full_l1,fsb,0.46000000000000002,4.5999999999999996,kHz,0.47615046692896068
full_l1,fsb,0.46500000000000002,4.6500000000000004,kHz,0.47651800266098965
full_l1,fsb,0.46999999999999997,4.7000000000000002,kHz,0.47693280734929433
full_l1,fsb,0.47499999999999998,4.75,kHz,0.47739363103162091
full_l1,fsb,0.47999999999999998,4.7999999999999998,kHz,0.47789925886550133
full_l1,fsb,0.48499999999999999,4.8499999999999996,kHz,0.47844850803452732
full_l1,fsb,0.48999999999999999,4.9000000000000004,kHz,0.47904022224466725
full_l1,fsb,0.495,4.9500000000000002,kHz,0.47967326805297528
full_l1,fsb,0.5,5,kHz,0.48034652937966515
full_l1,amp,-0.5,-0.09999999999999995,DeltaA_over_Aopt,0.97290351577671508
full_l1,amp,-0.495,-0.098999999999999949,DeltaA_over_Aopt,0.97340688509265327
full_l1,amp,-0.48999999999999999,-0.097999999999999948,DeltaA_over_Aopt,0.97390565770538196
full_l1,amp,-0.48499999999999999,-0.096999999999999947,DeltaA_over_Aopt,0.97439982882611309
full_l1,amp,-0.47999999999999998,-0.09599999999999996,DeltaA_over_Aopt,0.97488939374811046
full_l1,amp,-0.47499999999999998,-0.094999999999999959,DeltaA_over_Aopt,0.97537434781315424
full_l1,amp,-0.46999999999999997,-0.093999999999999959,DeltaA_over_Aopt,0.97585468639467465
full_l1,amp,-0.46500000000000002,-0.092999999999999972,DeltaA_over_Aopt,0.97633040491328837
full_l1,amp,-0.46000000000000002,-0.091999999999999971,DeltaA_over_Aopt,0.97680149881565304
full_l1,amp,-0.45500000000000002,-0.090999999999999956,DeltaA_over_Aopt,0.97726796365001278
full_l1,amp,-0.45000000000000001,-0.089999999999999955,DeltaA_over_Aopt,0.9777297949102105
full_l1,amp,-0.44500000000000001,-0.088999999999999954,DeltaA_over_Aopt,0.97818698824367079
full_l1,amp,-0.44,-0.087999999999999953,DeltaA_over_Aopt,0.97863953928530534
full_l1,amp,-0.435,-0.086999999999999966,DeltaA_over_Aopt,0.97908744372457313
full_l1,amp,-0.42999999999999999,-0.085999999999999965,DeltaA_over_Aopt,0.97953069730108855
full_l1,amp,-0.42499999999999999,-0.084999999999999964,DeltaA_over_Aopt,0.97996929578528158
full_l1,amp,-0.41999999999999998,-0.083999999999999964,DeltaA_over_Aopt,0.98040323500469795
full_l1,amp,-0.41499999999999998,-0.082999999999999963,DeltaA_over_Aopt,0.98083251085547074
full_l1,amp,-0.40999999999999998,-0.081999999999999962,DeltaA_over_Aopt,0.98125711920496994
full_l1,amp,-0.40500000000000003,-0.080999999999999961,DeltaA_over_Aopt,0.98167705606585431
full_l1,amp,-0.40000000000000002,-0.07999999999999996,DeltaA_over_Aopt,0.98209231742342828
full_l1,amp,-0.39500000000000002,-0.078999999999999959,DeltaA_over_Aopt,0.98250289931726398
full_l1,amp,-0.39000000000000001,-0.077999999999999972,DeltaA_over_Aopt,0.98290879785643437
full_l1,amp,-0.38500000000000001,-0.076999999999999971,DeltaA_over_Aopt,0.98331000920255174
full_l1,amp,-0.38,-0.07599999999999997,DeltaA_over_Aopt,0.98370652952518012
full_l1,amp,-0.375,-0.074999999999999969,DeltaA_over_Aopt,0.98409835507018617
full_l1,amp,-0.37,-0.073999999999999969,DeltaA_over_Aopt,0.98448548211029141
full_l1,amp,-0.36499999999999999,-0.072999999999999968,DeltaA_over_Aopt,0.98486790699029236
full_l1,amp,-0.35999999999999999,-0.071999999999999967,DeltaA_over_Aopt,0.98524562606115973
full_l1,amp,-0.35499999999999998,-0.070999999999999966,DeltaA_over_Aopt,0.98561863574588149
full_l1,amp,-0.34999999999999998,-0.069999999999999965,DeltaA_over_Aopt,0.98598693252002123
full_l1,amp,-0.34499999999999997,-0.068999999999999964,DeltaA_over_Aopt,0.98635051287497344
full_l1,amp,-0.34000000000000002,-0.067999999999999977,DeltaA_over_Aopt,0.98670937337817699
full_l1,amp,-0.33500000000000002,-0.066999999999999976,DeltaA_over_Aopt,0.9870635106336525
full_l1,amp,-0.33000000000000002,-0.065999999999999975,DeltaA_over_Aopt,0.98741292127981872
full_l1,amp,-0.32500000000000001,-0.064999999999999974,DeltaA_over_Aopt,0.98775760201659479
full_l1,amp,-0.32000000000000001,-0.063999999999999974,DeltaA_over_Aopt,0.98809754958288387
full_l1,amp,-0.315,-0.062999999999999973,DeltaA_over_Aopt,0.98843276075887576
full_l1,amp,-0.31,-0.061999999999999972,DeltaA_over_Aopt,0.98876323239272057
full_l1,amp,-0.30499999999999999,-0.060999999999999971,DeltaA_over_Aopt,0.98908896131258106
full_l1,amp,-0.29999999999999999,-0.05999999999999997,DeltaA_over_Aopt,0.98940994453007058
full_l1,amp,-0.29499999999999998,-0.058999999999999969,DeltaA_over_Aopt,0.98972617893470383
full_l1,amp,-0.28999999999999998,-0.057999999999999968,DeltaA_over_Aopt,0.99003766157431172
full_l1,amp,-0.28499999999999998,-0.056999999999999967,DeltaA_over_Aopt,0.99034438951415316
full_l1,amp,-0.28000000000000003,-0.05599999999999998,DeltaA_over_Aopt,0.99064635984620797
full_l1,amp,-0.27500000000000002,-0.054999999999999979,DeltaA_over_Aopt,0.99094356971164432
full_l1,amp,-0.27000000000000002,-0.053999999999999979,DeltaA_over_Aopt,0.99123601638403747
full_l1,amp,-0.26500000000000001,-0.052999999999999978,DeltaA_over_Aopt,0.99152369701595278
full_l1,amp,-0.26000000000000001,-0.051999999999999977,DeltaA_over_Aopt,0.99180660899045869
full_l1,amp,-0.255,-0.050999999999999983,DeltaA_over_Aopt,0.9920847495439713
full_l1,amp,-0.25,-0.049999999999999975,DeltaA_over_Aopt,0.99235811620502667
full_l1,amp,-0.245,-0.048999999999999974,DeltaA_over_Aopt,0.99262670624242444
full_l1,amp,-0.23999999999999999,-0.04799999999999998,DeltaA_over_Aopt,0.99289051723635757
full_l1,amp,-0.23499999999999999,-0.046999999999999979,DeltaA_over_Aopt,0.99314954668904398
full_l1,amp,-0.23000000000000001,-0.045999999999999985,DeltaA_over_Aopt,0.99340379219649533
full_l1,amp,-0.22500000000000001,-0.044999999999999978,DeltaA_over_Aopt,0.99365325131504267
full_l1,amp,-0.22,-0.043999999999999977,DeltaA_over_Aopt,0.99389792179007075
full_l1,amp,-0.215,-0.042999999999999983,DeltaA_over_Aopt,0.99413780125483298
full_l1,amp,-0.20999999999999999,-0.041999999999999982,DeltaA_over_Aopt,0.99437288750535779
full_l1,amp,-0.20499999999999999,-0.040999999999999981,DeltaA_over_Aopt,0.99460317835823642
full_l1,amp,-0.20000000000000001,-0.03999999999999998,DeltaA_over_Aopt,0.99482867163191513
full_l1,amp,-0.19500000000000001,-0.038999999999999986,DeltaA_over_Aopt,0.99504936526266841
full_l1,amp,-0.19,-0.037999999999999985,DeltaA_over_Aopt,0.99526525714192227
full_l1,amp,-0.185,-0.036999999999999984,DeltaA_over_Aopt,0.99547634530981155
full_l1,amp,-0.17999999999999999,-0.035999999999999983,DeltaA_over_Aopt,0.99568262777046423
full_l1,amp,-0.17499999999999999,-0.034999999999999983,DeltaA_over_Aopt,0.99588410264180516
full_l1,amp,-0.17000000000000001,-0.033999999999999989,DeltaA_over_Aopt,0.99608076802039991
full_l1,amp,-0.16500000000000001,-0.032999999999999988,DeltaA_over_Aopt,0.9962726220737631
full_l1,amp,-0.16,-0.031999999999999987,DeltaA_over_Aopt,0.99645966308000344
full_l1,amp,-0.155,-0.030999999999999986,DeltaA_over_Aopt,0.99664188927028796
full_l1,amp,-0.14999999999999999,-0.029999999999999985,DeltaA_over_Aopt,0.99681929896712607
full_l1,amp,-0.14499999999999999,-0.028999999999999984,DeltaA_over_Aopt,0.99699189052771808
full_l1,amp,-0.14000000000000001,-0.02799999999999999,DeltaA_over_Aopt,0.99715966239165088
full_l1,amp,-0.13500000000000001,-0.026999999999999989,DeltaA_over_Aopt,0.99732261298030378
full_l1,amp,-0.13,-0.025999999999999988,DeltaA_over_Aopt,0.9974807408318519
full_l1,amp,-0.125,-0.024999999999999988,DeltaA_over_Aopt,0.99763404446955273
full_l1,amp,-0.12,-0.02399999999999999,DeltaA_over_Aopt,0.99778252250583688
full_l1,amp,-0.115,-0.022999999999999993,DeltaA_over_Aopt,0.99792617357192104
full_l1,amp,-0.11,-0.021999999999999988,DeltaA_over_Aopt,0.99806499639014734
full_l1,amp,-0.105,-0.020999999999999991,DeltaA_over_Aopt,0.99819898966650344
full_l1,amp,-0.10000000000000001,-0.01999999999999999,DeltaA_over_Aopt,0.99832815218682225
full_l1,amp,-0.095000000000000001,-0.018999999999999993,DeltaA_over_Aopt,0.99845248281485699
full_l1,amp,-0.089999999999999997,-0.017999999999999992,DeltaA_over_Aopt,0.99857198040538442
full_l1,amp,-0.085000000000000006,-0.016999999999999994,DeltaA_over_Aopt,0.99868664388713457
full_l1,amp,-0.080000000000000002,-0.015999999999999993,DeltaA_over_Aopt,0.99879647223712353
full_l1,amp,-0.074999999999999997,-0.014999999999999993,DeltaA_over_Aopt,0.99890146446968842
full_l1,amp,-0.070000000000000007,-0.013999999999999995,DeltaA_over_Aopt,0.99900161966182099
full_l1,amp,-0.065000000000000002,-0.012999999999999994,DeltaA_over_Aopt,0.999096936917234
full_l1,amp,-0.059999999999999998,-0.011999999999999995,DeltaA_over_Aopt,0.99918741539366851
full_l1,amp,-0.055,-0.010999999999999994,DeltaA_over_Aopt,0.99927305430880686
full_l1,amp,-0.050000000000000003,-0.009999999999999995,DeltaA_over_Aopt,0.99935385291395362
full_l1,amp,-0.044999999999999998,-0.0089999999999999959,DeltaA_over_Aopt,0.99942981050588331
full_l1,amp,-0.040000000000000001,-0.0079999999999999967,DeltaA_over_Aopt,0.9995009264417194
full_l1,amp,-0.035000000000000003,-0.0069999999999999975,DeltaA_over_Aopt,0.99956720011450328
full_l1,amp,-0.029999999999999999,-0.0059999999999999975,DeltaA_over_Aopt,0.99962863095638044
full_l1,amp,-0.025000000000000001,-0.0049999999999999975,DeltaA_over_Aopt,0.99968521846567193
full_l1,amp,-0.02,-0.0039999999999999983,DeltaA_over_Aopt,0.99973696217964692
full_l1,amp,-0.014999999999999999,-0.0029999999999999988,DeltaA_over_Aopt,0.99978386167625166
full_l1,amp,-0.01,-0.0019999999999999992,DeltaA_over_Aopt,0.99982591658751996
full_l1,amp,-0.0050000000000000001,-0.00099999999999999959,DeltaA_over_Aopt,0.9998631265928809
full_l1,amp,0,0,DeltaA_over_Aopt,0.99989549141336287
full_l1,amp,0.0050000000000000001,0.00099999999999999959,DeltaA_over_Aopt,0.99992301081936474
full_l1,amp,0.01,0.0019999999999999992,DeltaA_over_Aopt,0.99994568463194344
full_l1,amp,0.014999999999999999,0.0029999999999999988,DeltaA_over_Aopt,0.99996351271637252
full_l1,amp,0.02,0.0039999999999999983,DeltaA_over_Aopt,0.99997649498125196
full_l1,amp,0.025000000000000001,0.0049999999999999975,DeltaA_over_Aopt,0.99998463138691773
full_l1,amp,0.029999999999999999,0.0059999999999999975,DeltaA_over_Aopt,0.99998792193802399
full_l1,amp,0.035000000000000003,0.0069999999999999975,DeltaA_over_Aopt,0.99998636669012986
full_l1,amp,0.040000000000000001,0.0079999999999999967,DeltaA_over_Aopt,0.99997996574225312
full_l1,amp,0.044999999999999998,0.0089999999999999959,DeltaA_over_Aopt,0.99996871923933384
full_l1,amp,0.050000000000000003,0.009999999999999995,DeltaA_over_Aopt,0.99995262737970436
full_l1,amp,0.055,0.010999999999999994,DeltaA_over_Aopt,0.99993169039880425
full_l1,amp,0.059999999999999998,0.011999999999999995,DeltaA_over_Aopt,0.99990590858812045
full_l1,amp,0.065000000000000002,0.012999999999999994,DeltaA_over_Aopt,0.99987528228115641
full_l1,amp,0.070000000000000007,0.013999999999999995,DeltaA_over_Aopt,0.99983981186162973
full_l1,amp,0.074999999999999997,0.014999999999999993,DeltaA_over_Aopt,0.99979949775385679
full_l1,amp,0.080000000000000002,0.015999999999999993,DeltaA_over_Aopt,0.99975434043652756
full_l1,amp,0.085000000000000006,0.016999999999999994,DeltaA_over_Aopt,0.99970434042672085
full_l1,amp,0.089999999999999997,0.017999999999999992,DeltaA_over_Aopt,0.99964949830266436
full_l1,amp,0.095000000000000001,0.018999999999999993,DeltaA_over_Aopt,0.99958981466958308
full_l1,amp,0.10000000000000001,0.01999999999999999,DeltaA_over_Aopt,0.99952529020111902
full_l1,amp,0.105,0.020999999999999991,DeltaA_over_Aopt,0.99945592560782337
full_l1,amp,0.11,0.021999999999999988,DeltaA_over_Aopt,0.99938172163374728
full_l1,amp,0.115,0.022999999999999993,DeltaA_over_Aopt,0.99930267908897608
full_l1,amp,0.12,0.02399999999999999,DeltaA_over_Aopt,0.9992187988320127
full_l1,amp,0.125,0.024999999999999988,DeltaA_over_Aopt,0.99913008175166695
full_l1,amp,0.13,0.025999999999999988,DeltaA_over_Aopt,0.99903652879149196
full_l1,amp,0.13500000000000001,0.026999999999999989,DeltaA_over_Aopt,0.99893814094691291
full_l1,amp,0.14000000000000001,0.02799999999999999,DeltaA_over_Aopt,0.99883491924318646
full_l1,amp,0.14499999999999999,0.028999999999999984,DeltaA_over_Aopt,0.99872686479161998
full_l1,amp,0.14999999999999999,0.029999999999999985,DeltaA_over_Aopt,0.99861397870393298
full_l1,amp,0.155,0.030999999999999986,DeltaA_over_Aopt,0.99849626215967413
full_l1,amp,0.16,0.031999999999999987,DeltaA_over_Aopt,0.9983737163802815
full_l1,amp,0.16500000000000001,0.032999999999999988,DeltaA_over_Aopt,0.9982463426541528
full_l1,amp,0.17000000000000001,0.033999999999999989,DeltaA_over_Aopt,0.99811414228804196
full_l1,amp,0.17499999999999999,0.034999999999999983,DeltaA_over_Aopt,0.99797711664148969
full_l1,amp,0.17999999999999999,0.035999999999999983,DeltaA_over_Aopt,0.99783526714433524
full_l1,amp,0.185,0.036999999999999984,DeltaA_over_Aopt,0.99768859523644082
full_l1,amp,0.19,0.037999999999999985,DeltaA_over_Aopt,0.99753710242255644
full_l1,amp,0.19500000000000001,0.038999999999999986,DeltaA_over_Aopt,0.9973807902780587
full_l1,amp,0.20000000000000001,0.03999999999999998,DeltaA_over_Aopt,0.99721966038518928
full_l1,amp,0.20499999999999999,0.040999999999999981,DeltaA_over_Aopt,0.99705371438024804
full_l1,amp,0.20999999999999999,0.041999999999999982,DeltaA_over_Aopt,0.996882953971307
full_l1,amp,0.215,0.042999999999999983,DeltaA_over_Aopt,0.9967073808993383
full_l1,amp,0.22,0.043999999999999977,DeltaA_over_Aopt,0.99652699693146385
full_l1,amp,0.22500000000000001,0.044999999999999978,DeltaA_over_Aopt,0.99634180390782223
full_l1,amp,0.23000000000000001,0.045999999999999985,DeltaA_over_Aopt,0.99615180371892365
full_l1,amp,0.23499999999999999,0.046999999999999979,DeltaA_over_Aopt,0.99595699827508377
full_l1,amp,0.23999999999999999,0.04799999999999998,DeltaA_over_Aopt,0.99575738953800985
full_l1,amp,0.245,0.048999999999999974,DeltaA_over_Aopt,0.99555297954455602
full_l1,amp,0.25,0.049999999999999975,DeltaA_over_Aopt,0.99534377035674226
full_l1,amp,0.255,0.050999999999999983,DeltaA_over_Aopt,0.99512976407160547
full_l1,amp,0.26000000000000001,0.051999999999999977,DeltaA_over_Aopt,0.99491096285928005
full_l1,amp,0.26500000000000001,0.052999999999999978,DeltaA_over_Aopt,0.99468736893406073
full_l1,amp,0.27000000000000002,0.053999999999999979,DeltaA_over_Aopt,0.99445898451709869
full_l1,amp,0.27500000000000002,0.054999999999999979,DeltaA_over_Aopt,0.99422581191184689
full_l1,amp,0.28000000000000003,0.05599999999999998,DeltaA_over_Aopt,0.99398785347953655
full_l1,amp,0.28499999999999998,0.056999999999999967,DeltaA_over_Aopt,0.99374511159466006
full_l1,amp,0.28999999999999998,0.057999999999999968,DeltaA_over_Aopt,0.99349758867804983
full_l1,amp,0.29499999999999998,0.058999999999999969,DeltaA_over_Aopt,0.99324528722705552
full_l1,amp,0.29999999999999999,0.05999999999999997,DeltaA_over_Aopt,0.99298820978208613
full_l1,amp,0.30499999999999999,0.060999999999999971,DeltaA_over_Aopt,0.9927263588950398
full_l1,amp,0.31,0.061999999999999972,DeltaA_over_Aopt,0.99245973718656066
full_l1,amp,0.315,0.062999999999999973,DeltaA_over_Aopt,0.99218834733458505
full_l1,amp,0.32000000000000001,0.063999999999999974,DeltaA_over_Aopt,0.99191219205452141
full_l1,amp,0.32500000000000001,0.064999999999999974,DeltaA_over_Aopt,0.99163127409298757
full_l1,amp,0.33000000000000002,0.065999999999999975,DeltaA_over_Aopt,0.99134559624576513
full_l1,amp,0.33500000000000002,0.066999999999999976,DeltaA_over_Aopt,0.99105516137443916
full_l1,amp,0.34000000000000002,0.067999999999999977,DeltaA_over_Aopt,0.99075997238185198
full_l1,amp,0.34499999999999997,0.068999999999999964,DeltaA_over_Aopt,0.99046003218872081
full_l1,amp,0.34999999999999998,0.069999999999999965,DeltaA_over_Aopt,0.99015534378322811
full_l1,amp,0.35499999999999998,0.070999999999999966,DeltaA_over_Aopt,0.98984591024787694
full_l1,amp,0.35999999999999999,0.071999999999999967,DeltaA_over_Aopt,0.98953173461570032
full_l1,amp,0.36499999999999999,0.072999999999999968,DeltaA_over_Aopt,0.98921282001841948
full_l1,amp,0.37,0.073999999999999969,DeltaA_over_Aopt,0.98888916962136697
full_l1,amp,0.375,0.074999999999999969,DeltaA_over_Aopt,0.98856078667711766
full_l1,amp,0.38,0.07599999999999997,DeltaA_over_Aopt,0.98822767440879922
full_l1,amp,0.38500000000000001,0.076999999999999971,DeltaA_over_Aopt,0.98788983613470116
full_l1,amp,0.39000000000000001,0.077999999999999972,DeltaA_over_Aopt,0.98754727522418251
full_l1,amp,0.39500000000000002,0.078999999999999959,DeltaA_over_Aopt,0.9871999950630912
full_l1,amp,0.40000000000000002,0.07999999999999996,DeltaA_over_Aopt,0.98684799911056131
full_l1,amp,0.40500000000000003,0.080999999999999961,DeltaA_over_Aopt,0.9864912908324992
full_l1,amp,0.40999999999999998,0.081999999999999962,DeltaA_over_Aopt,0.98612987377613415
full_l1,amp,0.41499999999999998,0.082999999999999963,DeltaA_over_Aopt,0.98576375155171569
full_l1,amp,0.41999999999999998,0.083999999999999964,DeltaA_over_Aopt,0.98539292770752507
full_l1,amp,0.42499999999999999,0.084999999999999964,DeltaA_over_Aopt,0.98501740605733723
full_l1,amp,0.42999999999999999,0.085999999999999965,DeltaA_over_Aopt,0.98463719012524042
full_l1,amp,0.435,0.086999999999999966,DeltaA_over_Aopt,0.98425228385930519
full_l1,amp,0.44,0.087999999999999953,DeltaA_over_Aopt,0.98386269100444079
full_l1,amp,0.44500000000000001,0.088999999999999954,DeltaA_over_Aopt,0.98346841532880591
full_l1,amp,0.45000000000000001,0.089999999999999955,DeltaA_over_Aopt,0.98306946092638725
full_l1,amp,0.45500000000000002,0.090999999999999956,DeltaA_over_Aopt,0.98266583145753728
full_l1,amp,0.46000000000000002,0.091999999999999971,DeltaA_over_Aopt,0.98225753118754755
full_l1,amp,0.46500000000000002,0.092999999999999972,DeltaA_over_Aopt,0.98184456413001864
full_l1,amp,0.46999999999999997,0.093999999999999959,DeltaA_over_Aopt,0.98142693403000303
full_l1,amp,0.47499999999999998,0.094999999999999959,DeltaA_over_Aopt,0.98100464555670552
full_l1,amp,0.47999999999999998,0.09599999999999996,DeltaA_over_Aopt,0.98057770230519281
full_l1,amp,0.48499999999999999,0.096999999999999947,DeltaA_over_Aopt,0.98014610892590492
full_l1,amp,0.48999999999999999,0.097999999999999948,DeltaA_over_Aopt,0.97970986954437955
full_l1,amp,0.495,0.098999999999999949,DeltaA_over_Aopt,0.97926898835360865
full_l1,amp,0.5,0.09999999999999995,DeltaA_over_Aopt,0.97882346977829027
