iter,total_shots,n_train,m_rec,m_rec_raw,s_rec,m_rec_lcb,surrogate_confident,x_rec_u1,x_rec_u2,x_rec_u3,x_acq_u1,x_acq_u2,x_acq_u3,m_acq,s_acq,acq_score,y_acq,y_acq_second,y_rec_check,y_rec_second,q_det_rec,q_det_acq,acq_source,kappa_eff,supported_q,supported_count,health_bad,stagnation_count,restart_id,restart_failure_count,restart_signal,restart_best_signal,restart_triggered,restart_seed,boundary_streak,scout_remaining,stop_supported,center_jitter_u1,center_jitter_u2,center_jitter_u3,true_opt_u1,true_opt_u2,true_opt_u3,stopped_early
1,130000,13,0.98787731873765683,0.98787731873765683,0.054227603533797381,0.93473426727453535,false,-0.0045440587173176186,-0.02391568977579538,0.27256859867669175,-0.052441082713349463,-0.092445999566083126,0.49680643313174766,0.93222791681944006,0.11649807883659731,1.153574266608975,0.62519999999999998,NaN,NaN,NaN,0.96420299945555932,0.62067345569029575,ucb,1.8999999999999999,-Inf,0,false,0,0,0,0.93473426727453535,-Inf,false,0,0,0,true,0,0,0,-0,-0,-0,false
2,140000,14,0.99860853199818922,0.99860853199818922,0.054617174156404942,0.94508370132491237,false,0.014594775922781598,0.005091677480325814,-0.058416646119998202,0.032775524912358467,-0.038413585183948884,-0.34950377783450981,0.94873660931618242,0.10197200456758732,1.1424834179945984,0.9577,NaN,NaN,NaN,0.99549865573513185,0.95972111214236566,ucb,1.8999999999999999,-Inf,0,false,0,0,0,0.94508370132491237,-Inf,false,0,0,0,true,0,0,0,-0,-0,-0,false
3,150000,15,1,1.001691129077432,0.041998471316681177,0.95884149810965247,false,0.015261926396219139,0.0027079030666037115,-0.07342161651166984,0.013844626150354644,0.055244669825375681,-0.10344052735832654,0.98033313878517903,0.060940175246050415,1.0961194717526748,0.91439999999999999,NaN,NaN,NaN,0.99594335612642271,0.91180430573897353,ucb,1.8999999999999999,-Inf,0,false,0,0,0,0.95884149810965247,-Inf,false,0,0,0,true,0,0,0,-0,-0,-0,false
4,160000,16,0.98518540728973969,0.98518540728973969,0.036389010724798769,0.9495241767794369,false,0.010540679404570997,-0.048293145887878454,-0.14701720693047221,-0.0076981299455700647,-0.17334656310971264,-0.49436793875646146,0.87884621001974383,0.10622245978854407,1.0806688836179776,0.54700000000000004,NaN,NaN,NaN,0.94328916463848123,0.54266717383508989,ucb,1.8999999999999999,-Inf,0,false,0,0,0,0.9495241767794369,-Inf,false,0,0,0,true,0,0,0,-0,-0,-0,false
5,170000,17,0.99910640462336575,0.99910640462336575,0.040371531030788547,0.95954230421319298,false,0.032291624467426817,-0.025062489005005174,-0.08081916445753029,0.07310780603034317,-0.022952392091481588,-0.074703345382738373,0.97439071718983661,0.061192624997619953,1.0906567046853146,0.93730000000000002,NaN,NaN,NaN,0.97479601487254275,0.93517621900545145,ucb,1.8999999999999999,-Inf,0,false,0,0,0,0.95954230421319298,-Inf,false,0,0,0,true,0,0,0,-0,-0,-0,false
6,180000,18,0.98803346307459083,0.98803346307459083,0.031809311047838421,0.95686033824770922,false,0.0158125272272675,-0.023473282402792815,-0.11327809411343324,0.017824219492032167,-0.032900868345301149,0.013417885813079344,0.97917007954298774,0.040296094227071665,1.055732658574424,0.96730000000000005,NaN,NaN,NaN,0.98596011238439152,0.96457912463753626,ucb,1.8999999999999999,-Inf,0,false,0,0,0,0.95686033824770922,-Inf,false,0,0,0,true,0,0,0,-0,-0,-0,false
7,190000,19,0.98102828003562226,0.98102828003562226,0.019207715718622741,0.96220471863137202,false,0.020589206223412211,-0.021633691223861225,-0.16824432092682984,0.086189309292265204,0.055679383430935481,0.46631241418372293,0.88739427117745739,0.070918978475899258,1.0221403302816661,0.89949999999999997,NaN,NaN,NaN,0.98668381921420767,0.90020766063968305,ucb,1.8999999999999999,-Inf,0,false,0,0,0,0.96220471863137202,-Inf,false,0,0,0,true,0,0,0,-0,-0,-0,false
8,200000,20,0.98137739506862687,0.98137739506862687,0.019213378301532746,0.96254828433312478,false,0.01974826758793799,-0.021653042787504927,-0.16737129033508549,0.032638141923404973,-0.019621201427775237,-0.11683827578175476,0.97739706462546261,0.017738022244028723,1.0110993068891172,0.98219999999999996,NaN,NaN,NaN,0.98701988702241172,0.98151237889873599,ucb,1.8999999999999999,-Inf,0,false,0,0,0,0.96254828433312478,-Inf,false,0,0,0,true,0,0,0,-0,-0,-0,false
9,210000,21,0.98551594330903092,0.98551594330903092,0.010548689475500535,0.97517822762304041,false,0.02297898132920926,-0.021110957545618734,-0.16879325695605094,0.028404517362831117,0.17481006288573164,0.47110795395928884,0.82092073503950025,0.10372941146754396,1.0180066168278337,0.6704,NaN,NaN,NaN,0.98605222821447402,0.67314530849845322,ucb,1.8999999999999999,-Inf,0,false,0,0,0,0.97517822762304041,-Inf,false,0,0,0,true,0,0,0,-0,-0,-0,false
10,220000,22,0.99486052442242567,0.99486052442242567,0.017404858203842664,0.97780376338265984,false,0.0011875275467982168,-0.011403817314155863,-0.12511512578049908,-0.09293266170744241,-0.012544332113407108,-0.48746314615959108,0.90542077565265533,0.08626677852131448,1.069327654843153,0.89800000000000002,NaN,NaN,NaN,0.99755108331910247,0.89683462247690082,ucb,1.8999999999999999,-Inf,0,false,0,0,0,0.97780376338265984,-Inf,false,0,0,0,true,0,0,0,-0,-0,-0,false
11,230000,23,0.99445129196937798,0.99445129196937798,0.016279583025786297,0.97849730060410745,false,0.0019833023710039369,-0.011507634925668982,-0.12000304569349485,-0.056753234383279283,-0.00020185415350248981,-0.0039655449927011865,0.95679808094078078,0.040525591955789184,1.0337967056567803,0.97130000000000005,NaN,NaN,NaN,0.99752686251631084,0.96936168807582823,ucb,1.8999999999999999,-Inf,0,false,0,0,0,0.97849730060410745,-Inf,false,0,0,0,true,0,0,0,-0,-0,-0,false
12,240000,24,0.99814197904128177,0.99814197904128177,0.016079849375876289,0.98238372665292295,false,-0.0033852865065958347,-0.0070939609706106412,-0.085194955411798501,-0.0038342893981000437,0.0059918526118194482,-0.1461943089140989,0.9908425528948166,0.021737366605212798,1.0321435494447209,0.99360000000000004,NaN,NaN,NaN,0.99888903186756284,0.99366578674247119,ucb,1.8999999999999999,-Inf,0,false,0,0,0,0.98238372665292295,-Inf,false,0,0,0,true,0,0,0,-0,-0,-0,false
13,250000,25,0.99978701922315016,0.99978701922315016,0.0097730726383737296,0.99020940803754387,false,-0.0040046692455525607,-0.0060332548971039294,-0.091517211214231134,0.048299357571527812,0.006094548786591325,-0.44112183822157958,0.935970452401925,0.048266384186166397,1.0276765823556411,0.9556,NaN,NaN,NaN,0.9989122592294285,0.95134963930629779,ucb,1.8999999999999999,-Inf,0,false,0,0,0,0.99020940803754387,-Inf,false,0,0,0,true,0,0,0,-0,-0,-0,false
14,260000,26,0.99928369001032102,0.99928369001032102,0.0095421162173060878,0.98993241611736105,false,-0.0029642593328364393,-0.0063116227417261009,-0.0941560714857273,0.48048553668186034,0.49817994472692906,0.3878154606477604,0.56369837236322073,0.24611874962322536,1.0313239966473489,0.0058000000000000274,NaN,NaN,NaN,0.99892440680301564,0.0060503513654222019,ucb,1.8999999999999999,-Inf,0,false,0,0,0,0.98993241611736105,-Inf,false,0,0,0,true,0,0,0,-0,-0,-0,false
15,270000,27,0.99935342162183993,0.99935342162183993,0.010060377999457353,0.98949425118237178,false,-0.003080997974455827,-0.0064259896164097913,-0.09585720879515626,0.010632843740172371,-0.0053420672150612525,-0.028122161461474837,0.99655844481277422,0.015009371088237286,1.0250762498804251,0.99819999999999998,NaN,NaN,NaN,0.99888519076555415,0.99848179459384268,ucb,1.8999999999999999,-Inf,0,false,0,0,0,0.98949425118237178,-Inf,false,0,0,0,true,0,0,0,-0,-0,-0,false
16,280000,28,1,1.0002104304974484,0.0066161943369997776,0.99351612954974022,false,-0.0020186679980074007,-0.0055247678866345313,-0.070908534796513434,-0.021109250159158544,0.010510928458650426,0.33127868022383788,0.94405870929644142,0.043143620626878071,1.0260315884875097,0.99039999999999995,NaN,NaN,NaN,0.99929577579994422,0.99012441792137418,ucb,1.8999999999999999,-Inf,0,false,0,0,0,0.99351612954974022,-Inf,false,0,0,0,true,0,0,0,-0,-0,-0,false
17,290000,29,1,1.0007277860453447,0.016340106767212228,0.98398669536813199,false,-0.0047735353816533805,0.0042634638408191212,0.12917561232238878,0.035800130378308648,0.0026842548994965298,0.28012902888036439,0.97665077450864879,0.028690818996887722,1.0311633306027355,0.98370000000000002,NaN,NaN,NaN,0.99898933593085892,0.98392279786316483,ucb,1.8999999999999999,-Inf,0,false,0,0,0,0.98398669536813199,-Inf,false,0,0,0,true,0,0,0,-0,-0,-0,false
18,300000,30,1,1.0021761567070022,0.015666692861232494,0.9846466409959922,false,-0.0018932934932611154,0.0048653017593353444,0.16139686243748647,-0.49645654723674637,-0.49566739782345182,0.42036665085693925,0.53855362171526444,0.25748687992077435,1.0277786935647357,0.25890000000000002,NaN,NaN,NaN,0.99868987389578778,0.25736069334672562,ucb,1.8999999999999999,-Inf,0,false,0,0,0,0.9846466409959922,-Inf,false,0,0,0,true,0,0,0,-0,-0,-0,false
19,310000,31,1,1.0021777977463988,0.015785058050425245,0.98453064311058325,false,-0.0019114598790941565,0.0048376667167627967,0.16137406719418732,-0.014496793313483192,-0.0039223840834303747,-0.32060212713562075,0.98472084576579122,0.021011753371677593,1.0246431771719786,0.98960000000000004,NaN,NaN,NaN,0.99869131387307364,0.98817735979907995,ucb,1.8999999999999999,-Inf,0,false,0,0,0,0.98453064311058325,-Inf,false,0,0,0,true,0,0,0,-0,-0,-0,false
20,320000,32,1,1.0020003232059962,0.014876193847290858,0.98542133002965493,false,-0.0024019691593801309,0.0051557131726430458,0.17691591892913455,-0.025683503632273563,-0.01139588603858166,0.16695412233926343,0.98646770835561137,0.01772972567909115,1.0201541871458846,0.98399999999999999,NaN,NaN,NaN,0.99839176254282036,0.98492620910054962,ucb,1.8999999999999999,-Inf,0,false,0,0,0,0.98542133002965493,-Inf,false,0,0,0,true,0,0,0,-0,-0,-0,false
21,330000,33,1,1.0008016496044836,0.012043834646792951,0.98819704204614289,false,-0.0016230906618973267,0.0061951503603926827,0.18580801340242686,0.0134726173536035,0.011027929326418828,0.058598886255363691,0.99440428600647579,0.013375290629343844,1.0198173382022291,0.99560000000000004,NaN,NaN,NaN,0.99817808679200304,0.9949991401424535,ucb,1.8999999999999999,-Inf,0,false,0,0,0,0.98819704204614289,-Inf,false,0,0,0,true,0,0,0,-0,-0,-0,false
22,340000,34,1,1.0014848844798838,0.0093560800389735164,0.9908310415618059,false,-0.0010592432943303731,0.006041932421401967,0.17306006728277587,-0.031492045965316517,0.032500784695811413,0.17596292394147484,0.97342179316561028,0.02100360666580273,1.0133286458306354,0.96909999999999996,NaN,NaN,NaN,0.99841915083313182,0.96912159381954621,ucb,1.8999999999999999,-Inf,0,false,0,0,0,0.9908310415618059,-Inf,false,0,0,0,true,0,0,0,-0,-0,-0,false
23,350000,35,1,1.0009185020007378,0.008252097618193335,0.99191294433417054,false,0.00073960686688984676,0.0043704345103403536,0.15219925975156229,-0.01665448856733609,-0.013635234233442262,-0.1751075874782817,0.99452857817307072,0.010849775142197675,1.0151431509432463,0.99429999999999996,NaN,NaN,NaN,0.99888706839845687,0.99343832207725402,ucb,1.8999999999999999,-Inf,0,false,0,0,0,0.99191294433417054,-Inf,false,0,0,0,true,0,0,0,-0,-0,-0,false
24,360000,36,1,1.0009044836035184,0.0081895301545055581,0.9919742604485845,false,0.00073667433048692416,0.0043654007780783285,0.15202640859977981,0.011258087535954919,0.015201292654006826,0.19383421071489537,0.99621644299760059,0.0095638428674940709,1.0143877444458393,0.99280000000000002,NaN,NaN,NaN,0.99888998920886718,0.99378722213262471,ucb,1.8999999999999999,-Inf,0,false,0,0,0,0.9919742604485845,-Inf,false,0,0,0,true,0,0,0,-0,-0,-0,false
25,370000,37,1,1.0002556958529423,0.0057512547605619579,0.99436377033464929,false,0.001836794648668167,0.00064689092048987487,0.058062752611865824,-0.0098311710237688477,-0.010363319713172281,0.023401477355533107,0.99590919399450284,0.0071702537180790967,1.0095326760588532,0.99609999999999999,NaN,NaN,NaN,0.99988668515847512,0.99624631391307716,ucb,1.8999999999999999,-Inf,0,false,0,0,0,0.99436377033464929,-Inf,false,0,0,0,true,0,0,0,-0,-0,-0,false
26,380000,38,1,1.0003467450522094,0.0046054027864015834,0.99548670526932648,false,0.0016239775777019071,0.00054219481217064418,0.057778437932927737,0.011811178105028963,-0.00042709463660917102,-0.23170080811957128,0.99478433050987869,0.0089108255179488234,1.0117148989939815,0.9929,NaN,NaN,NaN,0.99989617555369692,0.99219645395681533,ucb,1.8999999999999999,-Inf,0,false,0,0,0,0.99548670526932648,-Inf,false,0,0,0,true,0,0,0,-0,-0,-0,false
27,390000,39,1,1.0003473100568743,0.0045484954604942942,0.99554247444871558,false,0.0014119210374401302,0.00061350098318123294,0.056335939048090131,-0.0048027442004323628,0.012513133155979572,0.40896674909709407,0.98065604136317486,0.013470414826304322,1.006249829533153,0.98909999999999998,NaN,NaN,NaN,0.99990686496754899,0.99031586296776708,ucb,1.8999999999999999,-Inf,0,false,0,0,0,0.99554247444871558,-Inf,false,0,0,0,true,0,0,0,-0,-0,-0,false
28,400000,40,1,1.000414046532716,0.0046144765067498228,0.99547781302338523,false,0.00091777696953416045,0.00085163068811659553,0.059300770463952858,-0.0045766463353287268,0.0035341739369290082,0.17508606847484542,0.9982278607327264,0.0060472467552237924,1.0097176295676515,0.99790000000000001,NaN,NaN,NaN,0.99990106035275117,0.99830597246136432,ucb,1.8999999999999999,-Inf,0,false,0,0,0,0.99547781302338523,-Inf,false,0,0,0,true,0,0,0,-0,-0,-0,false
29,410000,41,1,1.000318289250318,0.0041385132040361317,0.99594425706004464,false,0.0010106248108061606,0.00069603887395702552,0.054105731482851242,-0.033962141253663924,0.031880185854162413,0.43892364366509939,0.96534752947566771,0.021211813815713663,1.0056499757255237,0.96740000000000004,NaN,NaN,NaN,0.99992172767100751,0.97037237299029089,ucb,1.8999999999999999,-Inf,0,false,0,0,0,0.99594425706004464,-Inf,false,0,0,0,true,0,0,0,-0,-0,-0,false
30,420000,42,1,1.0004146502956994,0.0038373686122469323,0.99623937875999802,false,0.0011019512357324699,0.00067093891441163088,0.057272347368227436,0.0030268156528849843,-0.0030552953553315554,0.13013390210007225,0.99824950215259178,0.0047983187459497293,1.0073663077698962,0.99860000000000004,NaN,NaN,NaN,0.99990959188483275,0.99815155861066807,ucb,1.8999999999999999,-Inf,0,false,0,0,0,0.99623937875999802,-Inf,false,0,0,0,true,0,0,0,-0,-0,-0,false
31,430000,43,1,1.000546505262166,0.0033994335437989437,0.99666855512707708,false,0.0013680500697795183,0.00066571107462431826,0.064517287000307288,0.0037754591768397461,-0.016376997078134226,-0.12606454068886874,0.99515031353631511,0.0045468415857319155,1.0037893125492057,0.99550000000000005,NaN,NaN,NaN,0.99987078759796177,0.99495361570686924,ucb,1.8999999999999999,-Inf,0,false,0,0,0,0.99666855512707708,-Inf,false,0,0,0,true,0,0,0,-0,-0,-0,false
32,440000,44,1,1.0005293008849239,0.0033701646029618273,0.99669723868909743,false,0.0013210102583914671,0.00073543339285022291,0.065719860603422761,-0.0027512286601132363,0.0011785743473251564,-0.072847826961554452,0.99802895312118278,0.0042213028807472266,1.0060494285946024,0.999,NaN,NaN,NaN,0.99986528326149615,0.99856482671406632,ucb,1.8999999999999999,-Inf,0,false,0,0,0,0.99669723868909743,-Inf,false,0,0,0,true,0,0,0,-0,-0,-0,false
33,450000,45,1,1.0005221636987358,0.0034219703932297633,0.99664646901463483,false,0.00066844091404627006,0.00094550259888542538,0.063198448530674564,-0.016995526877816802,0.0079468237694197974,0.1255074457261196,0.99597548984201834,0.0052383568048657804,1.0059283677712634,0.99519999999999997,NaN,NaN,NaN,0.99988626821314575,0.99589907596349148,ucb,1.8999999999999999,-Inf,0,false,0,0,0,0.99664646901463483,-Inf,false,0,0,0,true,0,0,0,-0,-0,-0,false
34,460000,46,1,1.0003451930558378,0.0031983106576166376,0.99686565555553575,false,0.0014662133316255799,0.00053890053247914415,0.056099351041119266,-0.0018896873570095618,0.0058810254005807749,0.12205621596745875,0.99891978942202941,0.0021889110122495607,1.0030787203453035,0.99890000000000001,NaN,NaN,NaN,0.99990745130157699,0.99897860412168893,ucb,1.8999999999999999,-Inf,0,false,0,0,0,0.99686565555553575,-Inf,false,0,0,0,true,0,0,0,-0,-0,-0,false
35,470000,47,1,1.0003409511207528,0.0031560766509513899,0.99690704488206761,false,0.0014636553508163347,0.00052040771096000102,0.055596440101072689,0.020976120426767331,0.0081826758876260008,0.13185415975174419,0.99455047940734609,0.0042372794948676365,1.0026013104475946,0.99409999999999998,NaN,NaN,NaN,0.99990979463482244,0.99448924110380166,ucb,1.8999999999999999,-Inf,0,false,0,0,0,0.99690704488206761,-Inf,false,0,0,0,true,0,0,0,-0,-0,-0,false
36,480000,48,1,1.0004159086894191,0.0030810861816586389,0.99698053554197452,false,0.0011918207787827576,0.00057395588455030422,0.053620330010240781,0.01856016716542408,-0.0047475302089874383,0.015162439632401714,0.9962237750686368,0.0034731311952604367,1.0028227243396317,0.99539999999999995,NaN,NaN,NaN,0.99992243128765501,0.99629344337070969,ucb,1.8999999999999999,-Inf,0,false,0,0,0,0.99698053554197452,-Inf,false,0,0,0,true,0,0,0,-0,-0,-0,false
37,490000,49,1,1.0001963739491286,0.0028830318032204644,0.99717462883284391,false,0.00035157014606647906,0.0010688747524280069,0.059485600504230476,0.0023827597672265721,0.0039820251857611844,0.29215409000176251,0.99462902664875241,0.0051066634919461331,1.00433168728345,0.99419999999999997,NaN,NaN,NaN,0.99989991498329678,0.99482019317984327,ucb,1.8999999999999999,-Inf,0,false,0,0,0,0.99717462883284391,-Inf,false,0,0,0,true,0,0,0,-0,-0,-0,false
38,500000,50,1,1.0001860868264281,0.0028644694906536242,0.99719281989915942,false,0.00035998301796637174,0.0010555383941278698,0.059403714215510287,-0.017567846368843121,-0.01125089240659638,-0.25627585826783816,0.9929908527715936,0.0047475644452549693,1.0020112252175781,0.9899,NaN,NaN,NaN,0.99990060243825529,0.9916716784315649,ucb,1.8999999999999999,-Inf,0,false,0,0,0,0.99719281989915942,-Inf,false,0,0,0,true,0,0,0,-0,-0,-0,false
39,510000,51,1,1.0001694812828603,0.002822148752521379,0.99723429422252907,false,0.00049101838796441945,0.0011026775953037631,0.061096409371322317,0.013182932776206302,-0.012543896092135798,-0.31084411231064246,0.99099551166949074,0.0066053949318492546,1.0035457620400043,0.99029999999999996,NaN,NaN,NaN,0.99989180403528166,0.99077713327112993,ucb,1.8999999999999999,-Inf,0,false,0,0,0,0.99723429422252907,-Inf,false,0,0,0,true,0,0,0,-0,-0,-0,false
40,520000,52,1,1.000179413274064,0.0027075064577354109,0.99734664367141934,false,0.00054102094574345015,0.0011012929096336748,0.062925651412315903,0.0041249560416176667,0.0048289691292870973,0.03540404211557191,0.99938023853955116,0.0027285697490629286,1.0045645210627707,0.99909999999999999,NaN,NaN,NaN,0.99988421928898752,0.99903235453702255,ucb,1.8999999999999999,-Inf,0,false,0,0,0,0.99734664367141934,-Inf,false,0,0,0,true,0,0,0,-0,-0,-0,false
41,530000,53,0.99999343079801339,0.99999343079801339,0.0015676720334339637,0.99845711220524813,false,-0.001381258870264157,-0.0032977046950320903,-0.049839238673334368,-0.0064210173181351582,-0.00044242191077881188,-0.031565336161507584,0.99951971975490217,0.0023209808086241913,1.0039295832912882,0.99939999999999996,NaN,NaN,NaN,0.9996307480524097,0.99928022774038561,ucb,1.8999999999999999,-Inf,0,false,0,0,0,0.99845711220524813,-Inf,false,0,0,0,true,0,0,0,-0,-0,-0,false
42,540000,54,1,1.0000292416351217,0.002061180718293591,0.99798004289607223,false,0.00095133762076802131,0.0011372172266764157,0.074776886359101555,0.0017989546671905998,-0.0052488547055915546,0.20669491903335513,0.99373114422996811,0.0038037476023023639,1.0009582646743427,0.99429999999999996,NaN,NaN,NaN,0.99981646230827881,0.99439466402537158,ucb,1.8999999999999999,-Inf,0,false,0,0,0,0.99798004289607223,-Inf,false,0,0,0,true,0,0,0,-0,-0,-0,false
43,550000,55,1,1.0000124712077485,0.0020374844207028996,0.9980032652677111,false,0.00089046332495836239,0.0012150494104326824,0.073795349567030669,0.013103961940728492,0.0074903411536997311,-0.040371777110213669,0.99481022572097932,0.004041924708665318,1.0024898826674433,0.99560000000000004,NaN,NaN,NaN,0.99982225147890746,0.99508714363326045,ucb,1.8999999999999999,-Inf,0,false,0,0,0,0.9980032652677111,-Inf,false,0,0,0,true,0,0,0,-0,-0,-0,false
44,560000,56,0.99988558235320713,0.99988558235320713,0.0010428003827798436,0.99886363797808286,false,-0.00044379179978534903,-0.0026669334586909552,-0.046609695115670771,-0.019926127578911768,-0.0092170571753766861,-0.11537203430000753,0.99552921376834924,0.0036325915153036514,1.0024311376474262,0.99390000000000001,NaN,NaN,NaN,0.99967370284880575,0.99433727674975081,ucb,1.8999999999999999,-Inf,0,false,0,0,0,0.99886363797808286,-Inf,false,0,0,0,true,0,0,0,-0,-0,-0,false
45,570000,57,0.9998886534857494,0.9998886534857494,0.00083173452746657529,0.9990735536488321,false,5.0276867567940249e-05,-0.0017571197937149153,-0.03567560723348881,-0.0059665028236481898,-0.00022887292533191328,0.091019240608736007,0.99936856239417526,0.0021035047990637019,1.0033652215123963,0.99960000000000004,NaN,NaN,NaN,0.9997464049234791,0.99928351863903309,ucb,1.8999999999999999,-Inf,0,false,0,0,0,0.9990735536488321,-Inf,false,0,0,0,true,0,0,0,-0,-0,-0,false
46,580000,58,0.9998892205064408,0.9998892205064408,0.00083977415979263469,0.99906624182984405,false,8.1638044741436881e-05,-0.0017766038260208985,-0.036817903735445981,0.0027275306423351076,0.010164962173651038,0.17800043211445016,0.99664759579377837,0.0014537412847081754,0.99940970423472386,0.99780000000000002,NaN,NaN,NaN,0.99973639785613078,0.99732759440844321,ucb,1.8999999999999999,-Inf,0,false,0,0,0,0.99906624182984405,-Inf,false,0,0,0,true,0,0,0,-0,-0,-0,false
47,590000,59,1,1.0001708411879777,0.0011882865681253588,0.99883547916323712,false,0.0002515529601865352,0.00076191932279201892,0.07573480123757842,-0.0033480640792498129,-0.0034093446103558023,-0.14118346115181946,0.99795485580294729,0.002367904716972674,1.0024538747651954,0.99860000000000004,NaN,NaN,NaN,0.99981838754858732,0.99788691562210752,ucb,1.8999999999999999,-Inf,0,false,0,0,0,0.99883547916323712,-Inf,false,0,0,0,true,0,0,0,-0,-0,-0,false
48,600000,60,1,1.0001673304272747,0.0011813472678210818,0.99884227967753536,false,0.00021848892771305134,0.00075115027609741394,0.075562919224648237,-0.0010517873006916645,-0.0046045472376523566,-0.063783841841484445,0.99963605589882709,0.0014743297792598532,1.0024372824794208,0.99990000000000001,NaN,NaN,NaN,0.99981962244567224,0.99946325190255558,ucb,1.8999999999999999,-Inf,0,false,0,0,0,0.99884227967753536,-Inf,false,0,0,0,true,0,0,0,-0,-0,-0,false
49,610000,61,1,1.0000208814119582,0.00058459994510238241,0.99942709205379965,false,0.00056027462806893576,-0.0029144135773547714,-0.055303106581943567,0.00448893284872387,0.015817493502060298,0.35383482449901771,0.99293718243982632,0.0047665339217954914,1.0019935968912377,0.99080000000000001,NaN,NaN,NaN,0.99958666988490408,0.99174852107437383,ucb,1.8999999999999999,-Inf,0,false,0,0,0,0.99942709205379965,-Inf,false,0,0,0,true,0,0,0,-0,-0,-0,false
50,620000,62,1,1.0001862271425248,0.0011777288355157038,0.99884582574119463,false,0.00032787412564767735,0.00075171678335562281,0.075430653101865947,0.0092502115947603603,-0.011047365842062673,-0.22154891778545105,0.99494886944882899,0.00311765541333272,1.0008724147341612,0.996,NaN,NaN,NaN,0.99982002938472081,0.99501720280478867,ucb,1.8999999999999999,-Inf,0,false,0,0,0,0.99884582574119463,-Inf,false,0,0,0,true,0,0,0,-0,-0,-0,false
51,630000,63,1,1.0001853346931417,0.001170250582449338,0.99885315442919964,false,0.00033483755861484399,0.00074913698572226766,0.075549510839066608,0.016297259080219284,0.0035817426526891794,0.21579926940534722,0.99503123679435102,0.0026208017560154853,1.0000107601307804,0.99529999999999996,NaN,NaN,NaN,0.99981910016212205,0.99513625345555945,ucb,1.8999999999999999,-Inf,0,false,0,0,0,0.99885315442919964,-Inf,false,0,0,0,true,0,0,0,-0,-0,-0,false
52,640000,64,1,1.0000240184115803,0.00058537832922683514,0.99942632923735775,false,0.00048029807743196464,-0.0028806230974091078,-0.054458403451696023,-0.0044081248030931608,0.014225738658023124,0.23332207593482357,0.99442435197229218,0.003257481977476869,1.0006135677294983,0.99419999999999997,NaN,NaN,NaN,0.99959608366554731,0.99499034264222619,ucb,1.8999999999999999,-Inf,0,false,0,0,0,0.99942632923735775,-Inf,false,0,0,0,true,0,0,0,-0,-0,-0,false
53,650000,65,1,1.0001785042933684,0.0011530695601242535,0.99886999183107827,false,0.00028234624069403816,0.00076370351630926326,0.075414250492527535,0.0064602136112343889,-0.003765594303344999,-0.28821432044848883,0.99257162919676689,0.0025145453084463826,0.99734926528281498,0.99160000000000004,NaN,NaN,NaN,0.99982052662775267,0.99164842434528799,ucb,1.8999999999999999,-Inf,0,false,0,0,0,0.99886999183107827,-Inf,false,0,0,0,true,0,0,0,-0,-0,-0,false
54,660000,66,1,1.0000252028026002,0.00057627169623010108,0.99943525373769448,false,0.00049738963154217955,-0.0028804438684308761,-0.054644501042489788,-0.0024909520156659593,-0.001121855596425414,-0.12724927989413248,0.99834203658245868,0.00093599583471728814,1.0001204286684215,0.998,NaN,NaN,NaN,0.99959384571684029,0.99783745778871369,ucb,1.8999999999999999,-Inf,0,false,0,0,0,0.99943525373769448,-Inf,false,0,0,0,true,0,0,0,-0,-0,-0,false
55,670000,67,1,1.0001807996440581,0.0011414542999850447,0.99888137478601469,false,0.00030570498639139045,0.00076080596166219652,0.075482640537642795,0.0056436351418560626,-0.0047538275564491528,0.039604305449582933,0.99883364374965622,0.0015884823309618029,1.0018517601784835,0.99980000000000002,NaN,NaN,NaN,0.99981990125556164,0.99905580973284847,ucb,1.8999999999999999,-Inf,0,false,0,0,0,0.99888137478601469,-Inf,false,0,0,0,true,0,0,0,-0,-0,-0,false
56,680000,68,1,1.00059944032415,0.0010204436636372511,0.99899996520963552,false,0.0014219660108097045,-0.00090857608391260714,0.060136401139440313,-0.00035851560450472775,0.0017531971868014473,-0.048860683665426619,0.99947758273753029,0.00083744074787565415,1.001068720158494,0.99929999999999997,NaN,NaN,NaN,0.99983749944623779,0.998959741720154,ucb,1.8999999999999999,-Inf,0,false,0,0,0,0.99899996520963552,-Inf,false,0,0,0,true,0,0,0,-0,-0,-0,false
57,690000,69,1,1.0005991252206119,0.0010099022075896651,0.99901029583656209,false,0.0013833466902973216,-0.00091417773966293763,0.059719294837729357,0.010254217576235236,0.005042792234056348,-0.079725968959381888,0.99642392507069222,0.0018304951262864805,0.99990186581063656,0.99650000000000005,NaN,NaN,NaN,0.9998412382969345,0.99589891960740706,ucb,1.8999999999999999,-Inf,0,false,0,0,0,0.99901029583656209,-Inf,false,0,0,0,true,0,0,0,-0,-0,-0,false
58,700000,70,1,1.0000154874663112,0.0004480216396428368,0.99956093879315,false,0.0002694900488235047,-0.0030848125702179693,-0.054889431690076727,-0.0090050235887582097,-0.012891241161358202,-0.19185166179112501,0.9962789502911128,0.0013216285134879388,0.99879004446673991,0.99409999999999998,NaN,NaN,NaN,0.99959697820252635,0.99540430049076245,ucb,1.8999999999999999,-Inf,0,false,0,0,0,0.99956093879315,-Inf,false,0,0,0,true,0,0,0,-0,-0,-0,false
59,710000,71,1,1.00059566606988,0.00099763096105759505,0.99902232165816351,false,0.0013609175344046235,-0.00091704996293731481,0.059723625637685969,-0.024299141519491085,0.0051558800999425003,0.061242005110504483,0.99327608925030941,0.0030150525216429665,0.99900468904143103,0.99419999999999997,NaN,NaN,NaN,0.99984118255758636,0.99386310825784252,ucb,1.8999999999999999,-Inf,0,false,0,0,0,0.99902232165816351,-Inf,false,0,0,0,true,0,0,0,-0,-0,-0,false
60,720000,72,1,1.0006100987016222,0.00097816062611703783,0.99904140258640528,false,0.00075388358590858023,-0.00092911004579476493,0.056927374826668986,-0.0095371867820228662,0.0028965181782383276,-0.034705704718780428,0.99812636927597331,0.0010364504201653352,1.0000956250742874,0.99760000000000004,NaN,NaN,NaN,0.9998722046402595,0.99802939334726648,ucb,1.8999999999999999,-Inf,0,false,0,0,0,0.99904140258640528,-Inf,false,0,0,0,true,0,0,0,-0,-0,-0,false
61,730000,73,1,1.0006203989940454,0.00096582998463026813,0.99905348661506232,false,0.00078347333708233277,-0.00088443883827684039,0.056253610399267656,0.014142920474836673,-0.0089617847688228114,-0.14679457355219516,0.9972298134141917,0.0022344334813275122,1.0014752370287139,0.99529999999999996,NaN,NaN,NaN,0.99987965654868494,0.99589640264510337,ucb,1.8999999999999999,-Inf,0,false,0,0,0,0.99905348661506232,-Inf,false,0,0,0,true,0,0,0,-0,-0,-0,false
62,740000,74,1,1.000619594764371,0.00096074542648461069,0.99905846948204513,false,0.0008007210528639734,-0.0008679112583053892,0.056222321358023346,-0.012144289888259108,-0.0060352563826822081,0.11348595067927181,0.99593872956783891,0.0018154042689815537,0.99938799767890385,0.99650000000000005,NaN,NaN,NaN,0.99988093052756566,0.99598706514907343,ucb,1.8999999999999999,-Inf,0,false,0,0,0,0.99905846948204513,-Inf,false,0,0,0,true,0,0,0,-0,-0,-0,false
63,750000,75,1,1.0005732523344104,0.00089632854168279113,0.9991215980291509,false,0.00069899246735578879,-0.0011745804989001139,0.052947111708262933,-0.017031663153452836,4.1292443929474842e-05,-0.065859468576626057,0.99558019104941931,0.0015852918906775577,0.99859224564170668,0.99739999999999995,NaN,NaN,NaN,0.99988034628528444,0.99630897246164174,ucb,1.8999999999999999,-Inf,0,false,0,0,0,0.9991215980291509,-Inf,false,0,0,0,true,0,0,0,-0,-0,-0,false
64,760000,76,1,1.0001615541582127,0.0005232430950559276,0.99948722176684524,false,-0.0010821015402457835,-0.0029836352218545552,-0.044740449724976386,0.0056179483879028602,-0.0077481454060779331,-0.0099127808779988502,0.9982995727634868,0.001152101841863275,1.000488566263027,0.99850000000000005,NaN,NaN,NaN,0.99968569085863368,0.99856366536395447,ucb,1.8999999999999999,-Inf,0,false,0,0,0,0.99948722176684524,-Inf,false,0,0,0,true,0,0,0,-0,-0,-0,false
65,770000,77,1,1.0001680350453497,0.00053134474654072171,0.9994792821483901,false,-0.0012027489146018385,-0.0030887187871745359,-0.043530057954617257,0.01660138984520243,-0.0052015091230446231,0.10286264341652984,0.9962333940857977,0.0023418895690828366,1.000682984267055,0.99609999999999999,NaN,NaN,NaN,0.99969326305270068,0.99546716163336468,ucb,1.8999999999999999,-Inf,0,false,0,0,0,0.9994792821483901,-Inf,false,0,0,0,true,0,0,0,-0,-0,-0,false
66,780000,78,1,1.000577533679788,0.00087719196267381548,0.99914035187657968,false,0.00079919606756767168,-0.0010221359214684202,0.053363706471343926,0.012283278592600144,-0.011353732847194431,-0.18551117919981341,0.99550061270640877,0.0014408314793096931,0.99823819251709722,0.99590000000000001,NaN,NaN,NaN,0.99988809403026002,0.99517957333289597,ucb,1.8999999999999999,-Inf,0,false,0,0,0,0.99914035187657968,-Inf,false,0,0,0,true,0,0,0,-0,-0,-0,false
67,790000,79,1,1.0005770319951379,0.00087303137095807906,0.99914442925646108,false,0.00080250495553542531,-0.0010212946187823136,0.053382295964949672,0.0046742267999309028,-0.00090861724432800273,0.15931767494812221,0.99811469263116415,0.0011495284653264787,1.0002987967152845,0.99790000000000001,NaN,NaN,NaN,0.99988844277046618,0.99796001724824812,ucb,1.8999999999999999,-Inf,0,false,0,0,0,0.99914442925646108,-Inf,false,0,0,0,true,0,0,0,-0,-0,-0,false
68,800000,80,1,1.0005756501437126,0.00086879264114712721,0.99914858321167577,false,0.00084171182979727558,-0.001023756538945634,0.053475530224356874,-0.011139030654640836,0.00262187699295513,0.017362466538166643,0.99811027705509203,0.0015066512128950348,1.0009729143595927,0.99829999999999997,NaN,NaN,NaN,0.99988670497981413,0.99846625460480098,ucb,1.8999999999999999,-Inf,0,false,0,0,0,0.99914858321167577,-Inf,false,0,0,0,true,0,0,0,-0,-0,-0,false
69,810000,81,1,1.0001662804261631,0.0005180520160059667,0.99949230902431418,false,-0.0011502416555671782,-0.0030823634012275597,-0.043647453160712113,0.0052203792247031977,-0.0010627901837927389,0.058719898745468679,1.0003284242758577,0.0009374794908360109,1.002109635308446,0.99980000000000002,NaN,NaN,NaN,0.99969343536593647,0.99959889464302343,ucb,1.8999999999999999,-Inf,0,false,0,0,0,0.99949230902431418,-Inf,false,0,0,0,true,0,0,0,-0,-0,-0,false
70,820000,82,1,1.0001635544732392,0.0005185086996268392,0.99949186147436575,false,-0.0010883314766184694,-0.0030378761601029761,-0.043679217843530203,0.010165276656179056,-0.0001633137472540902,-0.057431451507953257,0.99861146331311623,0.00093694758524283514,1.0003916637250776,0.99819999999999998,NaN,NaN,NaN,0.99969477112080918,0.99829027864607411,ucb,1.8999999999999999,-Inf,0,false,0,0,0,0.99949186147436575,-Inf,false,0,0,0,true,0,0,0,-0,-0,-0,false
71,830000,83,1,1.0004048250241584,0.00070210212096994675,0.9993119399214494,false,0.00038402931601245837,-0.0019058244675837738,0.035738818365093634,0.0034449288732298911,0.00052086235823289861,0.23809247018557556,0.99586598398518644,0.0015450433907337995,0.99880156642758067,0.996,NaN,NaN,NaN,0.99991606795263155,0.99591892725473963,ucb,1.8999999999999999,-Inf,0,false,0,0,0,0.9993119399214494,-Inf,false,0,0,0,true,0,0,0,-0,-0,-0,false
72,840000,84,1,1.0001751090149438,0.00052296088334804396,0.99948749833431894,false,-0.0016223560468766342,-0.0032152342161200081,-0.043214805355447639,-0.0043362527110311078,0.0044469364749408768,0.09045729446444839,0.9993538809341983,0.00087503339116566106,1.001016444377413,0.99929999999999997,NaN,NaN,NaN,0.99968287973798109,0.99926097424650884,ucb,1.8999999999999999,-Inf,0,false,0,0,0,0.99948749833431894,-Inf,false,0,0,0,true,0,0,0,-0,-0,-0,false
73,850000,85,1,1.0004056947925219,0.00069526848188323348,0.99931863688775446,false,0.00038359676899701764,-0.0019086849732739919,0.035734860892235307,-0.002846693604762196,-0.005332711137602919,-0.014220797825198694,0.99967678806855087,0.00075273808822696434,1.001106990436182,0.99939999999999996,NaN,NaN,NaN,0.99991608649522579,0.99949574462393509,ucb,1.8999999999999999,-Inf,0,false,0,0,0,0.99931863688775446,-Inf,false,0,0,0,true,0,0,0,-0,-0,-0,false
74,860000,86,1,1.0001494280230325,0.00049107920488520836,0.99951874237921245,false,-0.0018322417486617202,-0.0030554280160055686,-0.046419345382676752,0.016447964129357562,-0.016760086591381951,-0.24422296161694868,0.99281878200323426,0.0024391385932337173,0.99745314533037832,0.98980000000000001,NaN,NaN,NaN,0.99964957707137925,0.9909169939654181,ucb,1.8999999999999999,-Inf,0,false,0,0,0,0.99951874237921245,-Inf,false,0,0,0,true,0,0,0,-0,-0,-0,false
75,870000,87,1,1.0003841930822173,0.00067406055660596497,0.99933942065452619,false,0.00029470545941941839,-0.0019036868793359315,0.037845235680830036,-0.015793902431067153,0.0015533312473097194,0.034062541933347124,0.99764111686379819,0.00086685705698148904,0.999288145272063,0.99750000000000005,NaN,NaN,NaN,0.99990632471865071,0.99754689178187128,ucb,1.8999999999999999,-Inf,0,false,0,0,0,0.99933942065452619,-Inf,false,0,0,0,true,0,0,0,-0,-0,-0,false
76,880000,88,1,1.0001409239081323,0.00048651253705425353,0.9995232177136868,false,-0.0018421648222115179,-0.0030618548749846005,-0.046417783955238955,0.014584059888099521,0.0029950711076416336,-0.0054448065310834792,0.99695653396600847,0.0012692443748657527,0.99936809827825346,0.99760000000000004,NaN,NaN,NaN,0.99964914541593264,0.99733875541826811,ucb,1.8999999999999999,-Inf,0,false,0,0,0,0.9995232177136868,-Inf,false,0,0,0,true,0,0,0,-0,-0,-0,false
77,890000,89,1,1.0003875489125342,0.00065999203610709331,0.99935320780461501,false,0.00067586105350803778,-0.0019539107113628494,0.034868184686703219,0.003067304731292797,-0.0027926673696374582,0.048479463506541753,1.0001703095021284,0.0003857943374867714,1.0009033187433531,0.99929999999999997,NaN,NaN,NaN,0.99991247444073295,0.99962312006451715,ucb,1.8999999999999999,-Inf,0,false,0,0,0,0.99935320780461501,-Inf,false,0,0,0,true,0,0,0,-0,-0,-0,false
78,900000,90,1,1.0002026345976029,0.00066279297268999956,0.99935046288676377,false,0.0026596157825244356,0.00048040478669602341,0.084223426966188647,-0.0030993836747774672,0.00070517572773787229,-0.0057989494188523949,0.99955423169367663,0.00076424721524564966,1.0010063014026434,0.99960000000000004,NaN,NaN,NaN,0.99967508010149275,0.99968100531364024,ucb,1.8999999999999999,-Inf,0,false,0,0,0,0.99935046288676377,-Inf,false,0,0,0,true,0,0,0,-0,-0,-0,false
79,910000,91,1,1.0001252747271019,0.00046747473230332318,0.9995418747623428,false,-0.0016127586205333141,-0.002967240092299274,-0.045846817631522742,0.0032087686779620483,0.0077389163609034028,0.091501024693489974,0.99862154419914162,0.00088581227299617041,1.0003045875178342,0.998,NaN,NaN,NaN,0.99966192639580431,0.99842728500771483,ucb,1.8999999999999999,-Inf,0,false,0,0,0,0.9995418747623428,-Inf,false,0,0,0,true,0,0,0,-0,-0,-0,false
80,920000,92,1,1.000081961986264,0.00063192292999142527,0.99938071552860841,false,0.0019556963481753625,0.00022512247091129649,0.083985845154153083,-0.022211719361821869,-9.5438981796203137e-05,0.10923341265513908,0.99480603801276757,0.0014769377097265033,0.99761221966124791,0.995,NaN,NaN,NaN,0.99969424454960087,0.9947676115219739,ucb,1.8999999999999999,-Inf,0,false,0,0,0,0.99938071552860841,-Inf,false,0,0,0,true,0,0,0,-0,-0,-0,false
81,930000,93,1,1.0000747797679337,0.00062837509585804007,0.99938419240605914,false,0.0020449001188421636,0.00027098832887889596,0.083775489570065809,-0.014373647142388979,0.0028592629833279481,0.21875064164911873,0.99486421592007312,0.0021109642149273597,0.99887504792843507,0.995,NaN,NaN,NaN,0.99969559585183754,0.99544261609241935,ucb,1.8999999999999999,-Inf,0,false,0,0,0,0.99938419240605914,-Inf,false,0,0,0,true,0,0,0,-0,-0,-0,false
82,940000,94,1,1.0001254652448677,0.00047709340910959824,0.99953244845907263,false,-0.0016050783377355466,-0.0029756439176388113,-0.045830909863158485,0.026083810047969225,0.0061211006981478633,0.052589944774717567,0.99311772189924796,0.0020539294125026188,0.99702018778300294,0.99339999999999995,NaN,NaN,NaN,0.99966228533016555,0.99283195402988134,ucb,1.8999999999999999,-Inf,0,false,0,0,0,0.99953244845907263,-Inf,false,0,0,0,true,0,0,0,-0,-0,-0,false
83,950000,95,1,1.0000414154317756,0.00073041819764006158,0.99928419016631276,false,0.0020561347922530087,-0.0017086361522554159,0.01394365285425817,0.0065523383978989269,-0.0067018982827582452,0.022463523248870132,0.99924281838742612,0.00060673628424627525,1.0003956173274942,0.998,NaN,NaN,NaN,0.99994199556252183,0.99852190747490699,ucb,1.8999999999999999,-Inf,0,false,0,0,0,0.99928419016631276,-Inf,false,0,0,0,true,0,0,0,-0,-0,-0,false
84,960000,96,0.99987737234687979,0.99987737234687979,0.00023573633401799648,0.99964635073954211,false,0.0068519740166179477,-0.0037144435837631897,0.040949458619697822,-0.0068418116713762078,0.0016602082435825949,0.060885310874031484,0.99891578334611997,0.00080586639507935522,1.0004469294967708,0.99960000000000004,NaN,NaN,NaN,0.99915660724689526,0.99942994403360907,ucb,1.8999999999999999,-Inf,0,false,0,0,0,0.99964635073954211,-Inf,false,0,0,0,true,0,0,0,-0,-0,-0,false
85,970000,97,1,1.00013806135636,0.00048646815414459438,0.99952326120893831,false,-0.0016617814380539065,-0.0032363440752058723,-0.044603621358146377,-0.01481689338358172,0.00016011396116777377,-0.11819686933244711,0.99589493831119491,0.0014082210187254204,0.99857055824677321,0.99619999999999997,NaN,NaN,NaN,0.99966976085297843,0.99568531924109993,ucb,1.8999999999999999,-Inf,0,false,0,0,0,0.99952326120893831,-Inf,false,0,0,0,true,0,0,0,-0,-0,-0,false
86,980000,98,1,1.0000643340638011,0.0005364222177254896,0.99947430622662903,false,0.0014833495264753478,0.00062275629514933696,0.076086421345025801,-0.0073294967316244186,0.004826503933609505,-0.21888042845199429,0.99049775167787202,0.0029831639339547521,0.99616576315238603,0.98950000000000005,NaN,NaN,NaN,0.99979387204009584,0.99047024848445875,ucb,1.8999999999999999,-Inf,0,false,0,0,0,0.99947430622662903,-Inf,false,0,0,0,true,0,0,0,-0,-0,-0,false
87,990000,99,1,1.0001423087695394,0.00048357510321911791,0.99952609639884527,false,-0.0015548505597836884,-0.0032247322512697621,-0.044221400246095971,0.01528529266427392,0.0066656783177312384,0.076477757273008207,0.99705811471323602,0.00094120229959032231,0.99884639908245765,0.99680000000000002,NaN,NaN,NaN,0.9996764372000736,0.9967540313714317,ucb,1.8999999999999999,-Inf,0,false,0,0,0,0.99952609639884527,-Inf,false,0,0,0,true,0,0,0,-0,-0,-0,false
88,1000000,100,1,1.0001437723677804,0.00048171815695319286,0.99952791620618586,false,-0.0015481626831853087,-0.0032266841359583909,-0.044202910479961575,0.0019876367756992419,-0.0063615332872659636,0.037696803797387712,0.99910444652860531,0.00043871784829039358,0.99993801044035702,0.998,NaN,NaN,NaN,0.99967677810065458,0.99882762314690576,ucb,1.8999999999999999,-Inf,0,false,0,0,0,0.99952791620618586,-Inf,false,0,0,0,true,0,0,0,-0,-0,-0,false
89,1010000,101,0.9999394201493631,0.9999394201493631,0.00048209034881201878,0.99946697160752729,false,-0.00060980656370645712,0.0012835856920089706,0.076175606133312743,-0.00020474554188032457,0.011626425932763862,0.268252590366171,0.99461746549968011,0.0015922853443783112,0.99764280765399893,0.99619999999999997,NaN,NaN,NaN,0.99981031044748525,0.99552282026239147,ucb,1.8999999999999999,-Inf,0,false,0,0,0,0.99946697160752729,-Inf,false,0,0,0,true,0,0,0,-0,-0,-0,false
90,1020000,102,0.99994467882323879,0.99994467882323879,0.00049502474902046007,0.99945955456919877,false,0.006618266928863345,-0.0014229810738475364,0.037562707363255746,0.0017324357951362668,0.00063453316232386925,-0.01901422907754502,0.99971927348129808,0.00056111625180847854,1.0007853943597342,0.99980000000000002,NaN,NaN,NaN,0.99953637281766372,0.9996256695633946,ucb,1.8999999999999999,-Inf,0,false,0,0,0,0.99945955456919877,-Inf,false,0,0,0,true,0,0,0,-0,-0,-0,false
91,1030000,103,1,1.0000796800898257,0.00050628614095291958,0.99950383958186617,false,-0.0013739826108719374,-0.0031797378477798643,-0.044426757223935985,0.009372596069203043,-0.010156952172371447,-0.18483397595928897,0.99662534712283901,0.00061711662777953053,0.99779786871562015,0.99629999999999996,NaN,NaN,NaN,0.99968038264404102,0.99605936705381826,ucb,1.8999999999999999,-Inf,0,false,0,0,0,0.99950383958186617,-Inf,false,0,0,0,true,0,0,0,-0,-0,-0,false
92,1040000,104,1,1.0000791873891621,0.0005042807057812702,0.99950580490833441,false,-0.0013682954809660676,-0.0031728687381171305,-0.044391848468750002,0.011601392461011883,0.007370043040795915,-0.023280658673089594,0.99645876791480115,0.00076651944342765105,0.99791515485731364,0.99629999999999996,NaN,NaN,NaN,0.9996809174188237,0.99592908210055175,ucb,1.8999999999999999,-Inf,0,false,0,0,0,0.99950580490833441,-Inf,false,0,0,0,true,0,0,0,-0,-0,-0,false
93,1050000,105,0.99997719226407544,0.99997719226407544,0.00050910944915465357,0.99947826500390391,false,7.0908192396202641e-05,0.00099760266822300752,0.075183522442828818,0.0015271886962948678,0.0053282076717764415,-0.09325806771872247,0.99670907848517043,0.0009519896484102338,0.99851785881714983,0.99690000000000001,NaN,NaN,NaN,0.99982347332163191,0.99625842658325814,ucb,1.8999999999999999,-Inf,0,false,0,0,0,0.99947826500390391,-Inf,false,0,0,0,true,0,0,0,-0,-0,-0,false
94,1060000,106,0.9999772411813066,0.9999772411813066,0.00050726644613426205,0.99948012006409503,false,7.1418258079889734e-05,0.00099537274871325655,0.07519085911160929,-0.00015430359647616854,-0.0084946394527112279,-0.21914213064815113,0.99576261199646199,0.0010837156283433019,0.99782167169031422,0.99609999999999999,NaN,NaN,NaN,0.99982345226441194,0.99611196751338338,ucb,1.8999999999999999,-Inf,0,false,0,0,0,0.99948012006409503,-Inf,false,0,0,0,true,0,0,0,-0,-0,-0,false
95,1070000,107,0.99997746355154682,0.99997746355154682,0.00050540824464963936,0.9994821634717902,false,7.3616194110787104e-05,0.0009935462723490759,0.075186601703979672,0.0086715809977861991,-0.018435709728609417,-0.17706881351324411,0.99294001657986453,0.001751144020268389,0.99626719021837451,0.99329999999999996,NaN,NaN,NaN,0.99982347177293363,0.99290173632034229,ucb,1.8999999999999999,-Inf,0,false,0,0,0,0.9994821634717902,-Inf,false,0,0,0,true,0,0,0,-0,-0,-0,false
96,1080000,108,0.99994258893671206,0.99994258893671206,0.0004904519997945419,0.9994619459769134,false,0.0065137766454620872,-0.0013313575370208005,0.037257966378914924,-0.0072769003273851496,0.0043393199134287297,-0.044888802979739406,0.99754967551930929,0.00055049582281074295,0.9985956175826497,0.99770000000000003,NaN,NaN,NaN,0.99955692789578598,0.99764274473192849,ucb,1.8999999999999999,-Inf,0,false,0,0,0,0.9994619459769134,-Inf,false,0,0,0,true,0,0,0,-0,-0,-0,false
97,1090000,109,1,1.0000742470480708,0.00049650904764174104,0.9995134211333111,false,-0.0013108215609750795,-0.0031932822855221805,-0.043929706350195601,-0.0039386566107715293,-0.0070822578627072197,-0.007103145165278546,0.99877746027669756,0.00043989456816990828,0.99961325995622041,0.99890000000000001,NaN,NaN,NaN,0.99968602648708604,0.9989363823933185,ucb,1.8999999999999999,-Inf,0,false,0,0,0,0.9995134211333111,-Inf,false,0,0,0,true,0,0,0,-0,-0,-0,false
98,1100000,110,0.99997808136669064,0.99997808136669064,0.00050001519821982763,0.99948806647243515,false,8.6422116974848421e-05,0.00099639826771239187,0.075156734705942863,0.0013990411454982699,-0.0061100264564608597,-0.08972073437839323,0.99910822191241178,0.0010166500717369894,1.001039857048712,0.99890000000000001,NaN,NaN,NaN,0.99982365011740804,0.99906152170295826,ucb,1.8999999999999999,-Inf,0,false,0,0,0,0.99948806647243515,-Inf,false,0,0,0,true,0,0,0,-0,-0,-0,false
99,1110000,111,0.99997818892235757,0.99997818892235757,0.00049824222549811376,0.99948991154136946,false,8.8747487716730496e-05,0.00099491769418455739,0.07514883394636554,-0.019541423661537438,0.0023121616405206158,-0.16483258139343948,0.99176897209998782,0.0020510820007614582,0.99566602790143455,0.99170000000000003,NaN,NaN,NaN,0.99982370245666963,0.99159763078904217,ucb,1.8999999999999999,-Inf,0,false,0,0,0,0.99948991154136946,-Inf,false,0,0,0,true,0,0,0,-0,-0,-0,false
100,1120000,112,1,1.0001802006123277,0.00040882359591647388,0.99959935287600188,false,0.0077124689681703001,-0.0021854381226630213,0.038909088993312954,0.020337439590376594,-0.0066951179863974364,-0.19780642518799096,0.9938752613219054,0.0014749652434479295,0.99667769528445649,0.99299999999999999,NaN,NaN,NaN,0.99931001616142445,0.99265022949628667,ucb,1.8999999999999999,-Inf,0,false,0,0,0,0.99959935287600188,-Inf,false,0,0,0,true,0,0,0,-0,-0,-0,false
