axis,u_scan,u1,u2,u3,Q_jac_det,Q_det,Q_shot_mean,Q_shot_std,Q_db_mean,Q_db_std,bias_empirical,bias_theory,bias_residual,db_error,gg,ee
u1,-0.070000,-0.070000,0.003966,0.082414,0.912361,0.962713,0.912134,0.002622,0.912468,0.002692,0.000226,0.000133,0.000093,-0.000107,0.139596,0.772753
u1,-0.069296,-0.069296,0.003966,0.082414,0.913992,0.963536,0.913971,0.002951,0.914417,0.003033,0.000022,0.000148,-0.000126,-0.000425,0.139747,0.774233
u1,-0.068593,-0.068593,0.003966,0.082414,0.915625,0.964356,0.915464,0.002816,0.915952,0.002956,0.000161,0.000164,-0.000004,-0.000327,0.139897,0.775716
u1,-0.067889,-0.067889,0.003966,0.082414,0.917236,0.965160,0.917399,0.003124,0.917957,0.003127,-0.000163,0.000182,-0.000345,-0.000721,0.140045,0.777179
u1,-0.067186,-0.067186,0.003966,0.082414,0.918835,0.965954,0.918665,0.002658,0.919330,0.002877,0.000170,0.000200,-0.000030,-0.000495,0.140190,0.778633
u1,-0.066482,-0.066482,0.003966,0.082414,0.920436,0.966744,0.920419,0.002904,0.921005,0.003073,0.000017,0.000221,-0.000204,-0.000569,0.140335,0.780089
u1,-0.065779,-0.065779,0.003966,0.082414,0.922014,0.967519,0.922264,0.002878,0.922959,0.002976,-0.000250,0.000242,-0.000492,-0.000946,0.140477,0.781525
u1,-0.065075,-0.065075,0.003966,0.082414,0.923591,0.968289,0.923578,0.002592,0.924236,0.002877,0.000013,0.000265,-0.000253,-0.000645,0.140618,0.782961
u1,-0.064372,-0.064372,0.003966,0.082414,0.925146,0.969043,0.924880,0.003157,0.925575,0.003178,0.000266,0.000290,-0.000024,-0.000428,0.140756,0.784378
u1,-0.063668,-0.063668,0.003966,0.082414,0.926701,0.969794,0.926461,0.003221,0.927021,0.003277,0.000239,0.000316,-0.000077,-0.000320,0.140894,0.785795
u1,-0.062965,-0.062965,0.003966,0.082414,0.928232,0.970529,0.927929,0.002832,0.928594,0.003066,0.000303,0.000343,-0.000040,-0.000361,0.141028,0.787192
u1,-0.062261,-0.062261,0.003966,0.082414,0.929763,0.971259,0.929320,0.002686,0.929905,0.002720,0.000443,0.000372,0.000071,-0.000142,0.141162,0.788589
u1,-0.061558,-0.061558,0.003966,0.082414,0.931270,0.971975,0.930650,0.002869,0.931432,0.002910,0.000621,0.000403,0.000218,-0.000162,0.141293,0.789966
u1,-0.060854,-0.060854,0.003966,0.082414,0.932776,0.972686,0.932001,0.002799,0.932716,0.002950,0.000776,0.000435,0.000341,0.000061,0.141423,0.791341
u1,-0.060151,-0.060151,0.003966,0.082414,0.934259,0.973382,0.933821,0.002812,0.934402,0.002972,0.000437,0.000469,-0.000031,-0.000143,0.141551,0.792696
u1,-0.059447,-0.059447,0.003966,0.082414,0.935729,0.974069,0.935295,0.003021,0.936009,0.003098,0.000434,0.000504,-0.000070,-0.000280,0.141676,0.794041
u1,-0.058744,-0.058744,0.003966,0.082414,0.937196,0.974750,0.936466,0.002732,0.937265,0.002926,0.000731,0.000541,0.000190,-0.000069,0.141801,0.795383
u1,-0.058040,-0.058040,0.003966,0.082414,0.938641,0.975417,0.938222,0.002813,0.938792,0.002757,0.000419,0.000579,-0.000160,-0.000152,0.141923,0.796705
u1,-0.057337,-0.057337,0.003966,0.082414,0.940082,0.976080,0.939244,0.003019,0.939984,0.003221,0.000837,0.000619,0.000218,0.000098,0.142045,0.798025
u1,-0.056633,-0.056633,0.003966,0.082414,0.941499,0.976727,0.940802,0.002767,0.941540,0.002854,0.000697,0.000660,0.000037,-0.000041,0.142163,0.799324
u1,-0.055930,-0.055930,0.003966,0.082414,0.942913,0.977370,0.942242,0.002634,0.943191,0.002654,0.000671,0.000703,-0.000032,-0.000278,0.142281,0.800620
u1,-0.055226,-0.055226,0.003966,0.082414,0.944303,0.977999,0.943583,0.002188,0.944317,0.002277,0.000720,0.000747,-0.000027,-0.000014,0.142396,0.801895
u1,-0.054523,-0.054523,0.003966,0.082414,0.945689,0.978622,0.944964,0.002547,0.945934,0.002749,0.000726,0.000793,-0.000068,-0.000245,0.142511,0.803167
u1,-0.053819,-0.053819,0.003966,0.082414,0.947052,0.979232,0.945999,0.003328,0.946837,0.003461,0.001052,0.000840,0.000212,0.000215,0.142623,0.804417
u1,-0.053116,-0.053116,0.003966,0.082414,0.948400,0.979832,0.947713,0.003295,0.948773,0.003534,0.000687,0.000888,-0.000201,-0.000373,0.142732,0.805656
u1,-0.052412,-0.052412,0.003966,0.082414,0.949743,0.980426,0.948958,0.003508,0.949876,0.003690,0.000785,0.000938,-0.000153,-0.000133,0.142841,0.806890
u1,-0.051709,-0.051709,0.003966,0.082414,0.951062,0.981007,0.950938,0.002872,0.951902,0.002978,0.000125,0.000989,-0.000864,-0.000840,0.142948,0.808102
u1,-0.051005,-0.051005,0.003966,0.082414,0.952376,0.981583,0.950714,0.003570,0.951574,0.003656,0.001662,0.001041,0.000620,0.000802,0.143053,0.809311
u1,-0.050302,-0.050302,0.003966,0.082414,0.953665,0.982145,0.952418,0.004114,0.953560,0.004369,0.001247,0.001094,0.000153,0.000106,0.143156,0.810497
u1,-0.049598,-0.049598,0.003966,0.082414,0.954949,0.982701,0.953385,0.003677,0.954493,0.003896,0.001564,0.001149,0.000415,0.000456,0.143258,0.811679
u1,-0.048894,-0.048894,0.003966,0.082414,0.956208,0.983244,0.955010,0.002877,0.955993,0.003039,0.001199,0.001204,-0.000005,0.000215,0.143357,0.812839
u1,-0.048191,-0.048191,0.003966,0.082414,0.957461,0.983782,0.956231,0.002957,0.957343,0.003208,0.001230,0.001260,-0.000030,0.000118,0.143456,0.813993
u1,-0.047487,-0.047487,0.003966,0.082414,0.958689,0.984307,0.957501,0.003498,0.958589,0.003749,0.001188,0.001316,-0.000128,0.000100,0.143551,0.815126
u1,-0.046784,-0.046784,0.003966,0.082414,0.959910,0.984825,0.958278,0.003655,0.959279,0.003902,0.001633,0.001374,0.000259,0.000631,0.143646,0.816253
u1,-0.046080,-0.046080,0.003966,0.082414,0.961107,0.985331,0.959972,0.002679,0.961006,0.002670,0.001135,0.001432,-0.000297,0.000102,0.143738,0.817357
u1,-0.045377,-0.045377,0.003966,0.082414,0.962288,0.985828,0.961088,0.003228,0.962145,0.003496,0.001200,0.001490,-0.000290,0.000143,0.143828,0.818448
u1,-0.044673,-0.044673,0.003966,0.082414,0.963461,0.986319,0.962147,0.003345,0.963326,0.003677,0.001314,0.001550,-0.000236,0.000135,0.143917,0.819532
u1,-0.043970,-0.043970,0.003966,0.082414,0.964609,0.986797,0.963248,0.004354,0.964325,0.004603,0.001361,0.001609,-0.000248,0.000284,0.144003,0.820594
u1,-0.043266,-0.043266,0.003966,0.082414,0.965749,0.987269,0.964017,0.003473,0.965156,0.003734,0.001732,0.001669,0.000063,0.000593,0.144089,0.821649
u1,-0.042563,-0.042563,0.003966,0.082414,0.966865,0.987729,0.965513,0.003388,0.966576,0.003713,0.001351,0.001728,-0.000377,0.000289,0.144171,0.822681
u1,-0.041859,-0.041859,0.003966,0.082414,0.967971,0.988183,0.966469,0.003619,0.967689,0.003935,0.001502,0.001788,-0.000287,0.000282,0.144253,0.823706
u1,-0.041156,-0.041156,0.003966,0.082414,0.969052,0.988624,0.967264,0.003833,0.968400,0.004165,0.001789,0.001848,-0.000059,0.000653,0.144331,0.824709
u1,-0.040452,-0.040452,0.003966,0.082414,0.970125,0.989060,0.968328,0.003892,0.969501,0.004283,0.001797,0.001908,-0.000111,0.000623,0.144409,0.825704
u1,-0.039749,-0.039749,0.003966,0.082414,0.971172,0.989483,0.969091,0.004427,0.970127,0.004735,0.002081,0.001967,0.000114,0.001045,0.144484,0.826676
u1,-0.039045,-0.039045,0.003966,0.082414,0.972202,0.989898,0.969665,0.003744,0.970827,0.004041,0.002537,0.002026,0.000511,0.001375,0.144557,0.827634
u1,-0.038342,-0.038342,0.003966,0.082414,0.973222,0.990306,0.970837,0.004072,0.971924,0.004410,0.002385,0.002084,0.000301,0.001298,0.144628,0.828582
u1,-0.037638,-0.037638,0.003966,0.082414,0.974217,0.990702,0.971661,0.004043,0.972831,0.004426,0.002557,0.002142,0.000415,0.001386,0.144697,0.829508
u1,-0.036935,-0.036935,0.003966,0.082414,0.975201,0.991093,0.972788,0.004483,0.973896,0.004881,0.002413,0.002199,0.000214,0.001306,0.144764,0.830425
u1,-0.036231,-0.036231,0.003966,0.082414,0.976161,0.991471,0.973865,0.003443,0.975176,0.003843,0.002296,0.002255,0.000041,0.000985,0.144829,0.831320
u1,-0.035528,-0.035528,0.003966,0.082414,0.977109,0.991844,0.975227,0.003210,0.976480,0.003511,0.001882,0.002311,-0.000429,0.000629,0.144892,0.832205
u1,-0.034824,-0.034824,0.003966,0.082414,0.978033,0.992205,0.975922,0.003184,0.977048,0.003459,0.002111,0.002365,-0.000255,0.000985,0.144953,0.833068
u1,-0.034121,-0.034121,0.003966,0.082414,0.978944,0.992559,0.976179,0.004161,0.977421,0.004690,0.002765,0.002419,0.000346,0.001523,0.145012,0.833921
u1,-0.033417,-0.033417,0.003966,0.082414,0.979831,0.992903,0.976877,0.004299,0.978056,0.004750,0.002954,0.002471,0.000483,0.001775,0.145068,0.834751
u1,-0.032714,-0.032714,0.003966,0.082414,0.980706,0.993240,0.978799,0.003876,0.979807,0.004141,0.001906,0.002522,-0.000616,0.000899,0.145122,0.835571
u1,-0.032010,-0.032010,0.003966,0.082414,0.981555,0.993566,0.978962,0.004485,0.980163,0.004887,0.002594,0.002571,0.000023,0.001393,0.145175,0.836369
u1,-0.031307,-0.031307,0.003966,0.082414,0.982387,0.993883,0.979754,0.003795,0.980975,0.004254,0.002632,0.002619,0.000014,0.001412,0.145224,0.837150
u1,-0.030603,-0.030603,0.003966,0.082414,0.983205,0.994194,0.980749,0.004133,0.981989,0.004536,0.002456,0.002665,-0.000210,0.001216,0.145272,0.837921
u1,-0.029899,-0.029899,0.003966,0.082414,0.983998,0.994494,0.981046,0.004290,0.982136,0.004709,0.002952,0.002710,0.000243,0.001862,0.145318,0.838669
u1,-0.029196,-0.029196,0.003966,0.082414,0.984779,0.994788,0.981882,0.004610,0.983072,0.005071,0.002897,0.002753,0.000144,0.001707,0.145361,0.839405
u1,-0.028492,-0.028492,0.003966,0.082414,0.985534,0.995071,0.982755,0.004093,0.983964,0.004590,0.002779,0.002794,-0.000015,0.001570,0.145402,0.840120
u1,-0.027789,-0.027789,0.003966,0.082414,0.986236,0.995347,0.983057,0.005043,0.984210,0.005551,0.003179,0.002793,0.000385,0.002026,0.145441,0.840823
u1,-0.027085,-0.027085,0.003966,0.082414,0.986880,0.995613,0.982593,0.005230,0.983674,0.005743,0.004287,0.002758,0.001529,0.003207,0.145477,0.841503
u1,-0.026382,-0.026382,0.003966,0.082414,0.987514,0.995873,0.984507,0.004687,0.985615,0.005108,0.003007,0.002725,0.000282,0.001899,0.145511,0.842172
u1,-0.025678,-0.025678,0.003966,0.082414,0.988129,0.996122,0.985510,0.004750,0.986658,0.005224,0.002619,0.002695,-0.000075,0.001471,0.145543,0.842818
u1,-0.024975,-0.024975,0.003966,0.082414,0.988733,0.996365,0.985645,0.005235,0.986842,0.005766,0.003089,0.002667,0.000421,0.001892,0.145573,0.843452
u1,-0.024271,-0.024271,0.003966,0.082414,0.989319,0.996597,0.986692,0.004502,0.987970,0.005025,0.002626,0.002643,-0.000017,0.001348,0.145600,0.844064
u1,-0.023568,-0.023568,0.003966,0.082414,0.989889,0.996822,0.987727,0.004072,0.988963,0.004496,0.002162,0.002623,-0.000461,0.000925,0.145624,0.844659
u1,-0.022864,-0.022864,0.003966,0.082414,0.990448,0.997039,0.988083,0.004161,0.989380,0.004667,0.002365,0.002607,-0.000242,0.001068,0.145646,0.845240
u1,-0.022161,-0.022161,0.003966,0.082414,0.990988,0.997247,0.988660,0.004278,0.990006,0.004852,0.002328,0.002595,-0.000267,0.000982,0.145666,0.845800
u1,-0.021457,-0.021457,0.003966,0.082414,0.991517,0.997449,0.988852,0.004658,0.990272,0.005263,0.002665,0.002589,0.000076,0.001246,0.145683,0.846346
u1,-0.020754,-0.020754,0.003966,0.082414,0.992027,0.997640,0.990139,0.004376,0.991620,0.004961,0.001888,0.002589,-0.000700,0.000408,0.145698,0.846871
u1,-0.020050,-0.020050,0.003966,0.082414,0.992526,0.997825,0.990454,0.003848,0.991967,0.004505,0.002072,0.002597,-0.000524,0.000559,0.145711,0.847382
u1,-0.019347,-0.019347,0.003966,0.082414,0.993006,0.998001,0.990721,0.003839,0.992234,0.004492,0.002284,0.002613,-0.000329,0.000772,0.145720,0.847872
u1,-0.018643,-0.018643,0.003966,0.082414,0.993474,0.998170,0.991622,0.003291,0.993312,0.003922,0.001852,0.002640,-0.000788,0.000162,0.145728,0.848347
u1,-0.017940,-0.017940,0.003966,0.082414,0.993923,0.998329,0.990826,0.004678,0.992420,0.005568,0.003097,0.002678,0.000419,0.001503,0.145733,0.848801
u1,-0.017236,-0.017236,0.003966,0.082414,0.994358,0.998481,0.992191,0.003764,0.993965,0.004544,0.002167,0.002728,-0.000561,0.000393,0.145735,0.849238
u1,-0.016533,-0.016533,0.003966,0.082414,0.994780,0.998626,0.992234,0.004259,0.994074,0.005086,0.002546,0.002791,-0.000245,0.000706,0.145735,0.849660
u1,-0.015829,-0.015829,0.003966,0.082414,0.995183,0.998762,0.992428,0.004138,0.994268,0.005021,0.002756,0.002868,-0.000112,0.000915,0.145732,0.850061
u1,-0.015126,-0.015126,0.003966,0.082414,0.995575,0.998891,0.993556,0.003754,0.995680,0.004698,0.002018,0.002959,-0.000940,-0.000105,0.145726,0.850447
u1,-0.014422,-0.014422,0.003966,0.082414,0.995948,0.999012,0.992747,0.004157,0.994569,0.005152,0.003200,0.003063,0.000138,0.001379,0.145719,0.850812
u1,-0.013719,-0.013719,0.003966,0.082414,0.996308,0.999125,0.992755,0.004374,0.994541,0.005341,0.003553,0.003181,0.000372,0.001767,0.145708,0.851162
u1,-0.013015,-0.013015,0.003966,0.082414,0.996651,0.999230,0.993258,0.004711,0.995136,0.005728,0.003393,0.003311,0.000082,0.001515,0.145695,0.851491
u1,-0.012312,-0.012312,0.003966,0.082414,0.996980,0.999329,0.993003,0.004582,0.994648,0.005487,0.003977,0.003453,0.000524,0.002333,0.145679,0.851805
u1,-0.011608,-0.011608,0.003966,0.082414,0.997292,0.999418,0.993737,0.004410,0.995527,0.005279,0.003555,0.003604,-0.000049,0.001765,0.145661,0.852099
u1,-0.010905,-0.010905,0.003966,0.082414,0.997591,0.999501,0.993567,0.004320,0.995224,0.005193,0.004024,0.003764,0.000260,0.002366,0.145640,0.852376
u1,-0.010201,-0.010201,0.003966,0.082414,0.997872,0.999576,0.993561,0.004166,0.995057,0.004945,0.004311,0.003929,0.000382,0.002815,0.145616,0.852634
u1,-0.009497,-0.009497,0.003966,0.082414,0.998138,0.999644,0.993847,0.004926,0.995392,0.005672,0.004291,0.004098,0.000193,0.002746,0.145590,0.852874
u1,-0.008794,-0.008794,0.003966,0.082414,0.998390,0.999704,0.993997,0.004441,0.995436,0.005101,0.004394,0.004271,0.000123,0.002954,0.145562,0.853097
u1,-0.008090,-0.008090,0.003966,0.082414,0.998625,0.999757,0.993634,0.003924,0.995063,0.004580,0.004991,0.004442,0.000549,0.003562,0.145530,0.853301
u1,-0.007387,-0.007387,0.003966,0.082414,0.998847,0.999802,0.994210,0.003992,0.995715,0.004654,0.004636,0.004612,0.000024,0.003131,0.145496,0.853488
u1,-0.006683,-0.006683,0.003966,0.082414,0.999051,0.999841,0.994424,0.004342,0.995922,0.004967,0.004627,0.004777,-0.000150,0.003129,0.145460,0.853656
u1,-0.005980,-0.005980,0.003966,0.082414,0.999240,0.999872,0.993803,0.004151,0.995205,0.004790,0.005437,0.004936,0.000500,0.004035,0.145420,0.853807
u1,-0.005276,-0.005276,0.003966,0.082414,0.999330,0.999895,0.994593,0.003902,0.996182,0.004499,0.004737,0.005005,-0.000267,0.003148,0.145379,0.853939
u1,-0.004573,-0.004573,0.003966,0.082414,0.999400,0.999912,0.993927,0.004454,0.995175,0.004991,0.005473,0.005060,0.000413,0.004225,0.145334,0.854054
u1,-0.003869,-0.003869,0.003966,0.082414,0.999450,0.999921,0.994633,0.003563,0.996282,0.004181,0.004816,0.005099,-0.000283,0.003168,0.145287,0.854150
u1,-0.003166,-0.003166,0.003966,0.082414,0.999478,0.999924,0.994798,0.004185,0.996295,0.004750,0.004680,0.005122,-0.000441,0.003183,0.145238,0.854229
u1,-0.002462,-0.002462,0.003966,0.082414,0.999487,0.999919,0.994509,0.004391,0.995976,0.005003,0.004977,0.005128,-0.000150,0.003511,0.145185,0.854289
u1,-0.001759,-0.001759,0.003966,0.082414,0.999475,0.999907,0.994341,0.003479,0.995921,0.004124,0.005133,0.005116,0.000018,0.003553,0.145131,0.854332
u1,-0.001055,-0.001055,0.003966,0.082414,0.999442,0.999889,0.993518,0.004402,0.994794,0.005003,0.005924,0.005085,0.000839,0.004648,0.145073,0.854357
u1,-0.000352,-0.000352,0.003966,0.082414,0.999389,0.999863,0.994826,0.003922,0.996342,0.004462,0.004563,0.005037,-0.000473,0.003047,0.145014,0.854364
u1,0.000352,0.000352,0.003966,0.082414,0.999316,0.999831,0.994379,0.004661,0.995821,0.005271,0.004937,0.004969,-0.000033,0.003495,0.144951,0.854353
u1,0.001055,0.001055,0.003966,0.082414,0.999222,0.999792,0.994654,0.003920,0.996194,0.004467,0.004569,0.004885,-0.000316,0.003028,0.144886,0.854324
u1,0.001759,0.001759,0.003966,0.082414,0.999108,0.999746,0.994671,0.003764,0.996099,0.004234,0.004437,0.004781,-0.000344,0.003009,0.144819,0.854277
u1,0.002462,0.002462,0.003966,0.082414,0.998974,0.999694,0.993662,0.004692,0.994987,0.005300,0.005313,0.004662,0.000650,0.003987,0.144749,0.854213
u1,0.003166,0.003166,0.003966,0.082414,0.998819,0.999634,0.994747,0.003647,0.996288,0.004184,0.004072,0.004526,-0.000455,0.002531,0.144676,0.854131
u1,0.003869,0.003869,0.003966,0.082414,0.998645,0.999568,0.993995,0.004779,0.995566,0.005503,0.004650,0.004377,0.000274,0.003079,0.144602,0.854032
u1,0.004573,0.004573,0.003966,0.082414,0.998451,0.999496,0.994127,0.004282,0.995625,0.004906,0.004324,0.004214,0.000111,0.002826,0.144525,0.853915
u1,0.005276,0.005276,0.003966,0.082414,0.998236,0.999417,0.994669,0.003813,0.996356,0.004454,0.003567,0.004037,-0.000471,0.001880,0.144445,0.853779
u1,0.005980,0.005980,0.003966,0.082414,0.998003,0.999332,0.994089,0.003728,0.995758,0.004478,0.003914,0.003852,0.000061,0.002245,0.144363,0.853628
u1,0.006683,0.006683,0.003966,0.082414,0.997748,0.999240,0.994011,0.003994,0.995714,0.004827,0.003737,0.003658,0.000079,0.002034,0.144278,0.853457
u1,0.007387,0.007387,0.003966,0.082414,0.997475,0.999142,0.993182,0.004176,0.994836,0.005071,0.004292,0.003458,0.000835,0.002639,0.144192,0.853271
u1,0.008090,0.008090,0.003966,0.082414,0.997180,0.999037,0.994273,0.003557,0.996388,0.004466,0.002906,0.003252,-0.000346,0.000792,0.144103,0.853065
u1,0.008794,0.008794,0.003966,0.082414,0.996868,0.998926,0.993680,0.003731,0.995658,0.004756,0.003187,0.003046,0.000141,0.001210,0.144012,0.852844
u1,0.009497,0.009497,0.003966,0.082414,0.996534,0.998809,0.993396,0.003924,0.995436,0.004889,0.003137,0.002839,0.000299,0.001098,0.143918,0.852604
u1,0.010201,0.010201,0.003966,0.082414,0.996183,0.998686,0.993725,0.003098,0.995814,0.003985,0.002458,0.002635,-0.000177,0.000369,0.143823,0.852349
u1,0.010905,0.010905,0.003966,0.082414,0.995813,0.998557,0.993490,0.003276,0.995540,0.004135,0.002323,0.002436,-0.000113,0.000273,0.143725,0.852076
u1,0.011608,0.011608,0.003966,0.082414,0.995421,0.998421,0.993247,0.003828,0.995321,0.004610,0.002174,0.002241,-0.000067,0.000100,0.143625,0.851785
u1,0.012312,0.012312,0.003966,0.082414,0.995013,0.998280,0.993306,0.002698,0.995299,0.003305,0.001707,0.002056,-0.000349,-0.000286,0.143523,0.851478
u1,0.013015,0.013015,0.003966,0.082414,0.994583,0.998132,0.992201,0.003643,0.993946,0.004342,0.002382,0.001879,0.000503,0.000637,0.143419,0.851153
u1,0.013719,0.013719,0.003966,0.082414,0.994137,0.997979,0.992286,0.003456,0.994094,0.004081,0.001851,0.001714,0.000137,0.000043,0.143313,0.850812
u1,0.014422,0.014422,0.003966,0.082414,0.993669,0.997819,0.992054,0.003305,0.993788,0.003859,0.001615,0.001560,0.000056,-0.000118,0.143204,0.850453
u1,0.015126,0.015126,0.003966,0.082414,0.993186,0.997654,0.992137,0.002808,0.993797,0.003233,0.001050,0.001418,-0.000369,-0.000611,0.143095,0.850079
u1,0.015829,0.015829,0.003966,0.082414,0.992681,0.997483,0.991467,0.003153,0.992981,0.003515,0.001214,0.001289,-0.000074,-0.000300,0.142983,0.849687
u1,0.016533,0.016533,0.003966,0.082414,0.992161,0.997306,0.991286,0.002267,0.992782,0.002590,0.000875,0.001172,-0.000297,-0.000621,0.142869,0.849280
u1,0.017236,0.017236,0.003966,0.082414,0.991619,0.997123,0.990900,0.002208,0.992401,0.002520,0.000719,0.001066,-0.000348,-0.000781,0.142753,0.848854
u1,0.017940,0.017940,0.003966,0.082414,0.991063,0.996936,0.990232,0.002246,0.991570,0.002471,0.000831,0.000973,-0.000142,-0.000507,0.142637,0.848415
u1,0.018643,0.018643,0.003966,0.082414,0.990489,0.996743,0.989400,0.002703,0.990716,0.002979,0.001089,0.000889,0.000201,-0.000227,0.142518,0.847959
u1,0.019347,0.019347,0.003966,0.082414,0.989893,0.996543,0.989439,0.001770,0.990664,0.002065,0.000455,0.000814,-0.000359,-0.000771,0.142397,0.847484
u1,0.020050,0.020050,0.003966,0.082414,0.989284,0.996338,0.988247,0.002878,0.989328,0.003104,0.001037,0.000747,0.000289,-0.000045,0.142276,0.846996
u1,0.020754,0.020754,0.003966,0.082414,0.988652,0.996127,0.988271,0.001792,0.989251,0.001955,0.000381,0.000687,-0.000306,-0.000599,0.142152,0.846489
u1,0.021457,0.021457,0.003966,0.082414,0.988008,0.995912,0.987763,0.001573,0.988851,0.001760,0.000244,0.000634,-0.000389,-0.000843,0.142027,0.845969
u1,0.022161,0.022161,0.003966,0.082414,0.987342,0.995690,0.986609,0.002437,0.987515,0.002534,0.000733,0.000585,0.000148,-0.000174,0.141900,0.845429
u1,0.022864,0.022864,0.003966,0.082414,0.986663,0.995465,0.986043,0.001903,0.986955,0.002012,0.000620,0.000541,0.000079,-0.000292,0.141773,0.844878
u1,0.023568,0.023568,0.003966,0.082414,0.985962,0.995232,0.985491,0.001859,0.986259,0.001908,0.000471,0.000499,-0.000028,-0.000297,0.141644,0.844307
u1,0.024271,0.024271,0.003966,0.082414,0.985250,0.994996,0.984801,0.001989,0.985434,0.002034,0.000449,0.000462,-0.000013,-0.000184,0.141514,0.843724
u1,0.024975,0.024975,0.003966,0.082414,0.984521,0.994755,0.983954,0.002041,0.984757,0.002188,0.000567,0.000427,0.000141,-0.000236,0.141383,0.843126
u1,0.025678,0.025678,0.003966,0.082414,0.983771,0.994507,0.983368,0.001514,0.984199,0.001604,0.000403,0.000394,0.000010,-0.000428,0.141250,0.842509
u1,0.026382,0.026382,0.003966,0.082414,0.983009,0.994255,0.982771,0.001682,0.983543,0.001975,0.000238,0.000363,-0.000125,-0.000534,0.141117,0.841880
u1,0.027085,0.027085,0.003966,0.082414,0.982226,0.993997,0.981874,0.002151,0.982534,0.002331,0.000352,0.000334,0.000018,-0.000308,0.140983,0.841232
u1,0.027789,0.027789,0.003966,0.082414,0.981433,0.993735,0.981080,0.001820,0.981714,0.001957,0.000353,0.000307,0.000046,-0.000282,0.140848,0.840573
u1,0.028492,0.028492,0.003966,0.082414,0.980618,0.993467,0.980462,0.001548,0.981153,0.001711,0.000155,0.000282,-0.000126,-0.000535,0.140711,0.839894
u1,0.029196,0.029196,0.003966,0.082414,0.979793,0.993196,0.979585,0.001943,0.980157,0.002144,0.000208,0.000258,-0.000051,-0.000365,0.140575,0.839206
u1,0.029899,0.029899,0.003966,0.082414,0.978946,0.992918,0.978733,0.001759,0.979265,0.001685,0.000214,0.000236,-0.000022,-0.000319,0.140437,0.838497
u1,0.030603,0.030603,0.003966,0.082414,0.978091,0.992637,0.977568,0.002607,0.978153,0.002790,0.000523,0.000216,0.000308,-0.000062,0.140300,0.837779
u1,0.031307,0.031307,0.003966,0.082414,0.977214,0.992350,0.976870,0.001965,0.977464,0.002121,0.000344,0.000197,0.000147,-0.000250,0.140161,0.837041
u1,0.032010,0.032010,0.003966,0.082414,0.976329,0.992060,0.976105,0.002072,0.976626,0.002048,0.000224,0.000179,0.000045,-0.000297,0.140023,0.836294
u1,0.032714,0.032714,0.003966,0.082414,0.975429,0.991765,0.975491,0.001763,0.976069,0.001933,-0.000062,0.000163,-0.000224,-0.000640,0.139884,0.835533
u1,0.033417,0.033417,0.003966,0.082414,0.974508,0.991463,0.974215,0.002052,0.974724,0.002120,0.000293,0.000148,0.000146,-0.000216,0.139745,0.834752
u1,0.034121,0.034121,0.003966,0.082414,0.973579,0.991159,0.973391,0.001924,0.973812,0.002116,0.000188,0.000134,0.000055,-0.000233,0.139606,0.833962
u1,0.034824,0.034824,0.003966,0.082414,0.972630,0.990849,0.972738,0.001593,0.973157,0.001758,-0.000108,0.000121,-0.000229,-0.000527,0.139466,0.833152
u1,0.035528,0.035528,0.003966,0.082414,0.971673,0.990536,0.971382,0.002054,0.971778,0.002121,0.000291,0.000109,0.000182,-0.000105,0.139327,0.832335
u1,0.036231,0.036231,0.003966,0.082414,0.970696,0.990216,0.970689,0.001569,0.971027,0.001661,0.000007,0.000099,-0.000091,-0.000331,0.139187,0.831497
u1,0.036935,0.036935,0.003966,0.082414,0.969712,0.989895,0.969723,0.001701,0.970142,0.001819,-0.000010,0.000089,-0.000099,-0.000430,0.139048,0.830652
u1,0.037638,0.037638,0.003966,0.082414,0.968708,0.989567,0.968754,0.001874,0.969034,0.001933,-0.000046,0.000080,-0.000126,-0.000326,0.138909,0.829787
u1,0.038342,0.038342,0.003966,0.082414,0.967698,0.989237,0.967658,0.001947,0.968017,0.002063,0.000039,0.000072,-0.000032,-0.000320,0.138771,0.828915
u1,0.039045,0.039045,0.003966,0.082414,0.966667,0.988900,0.966544,0.002295,0.966807,0.002425,0.000123,0.000064,0.000059,-0.000139,0.138632,0.828023
u1,0.039749,0.039749,0.003966,0.082414,0.965632,0.988562,0.965346,0.001855,0.965603,0.002013,0.000286,0.000058,0.000228,0.000029,0.138495,0.827125
u1,0.040452,0.040452,0.003966,0.082414,0.964583,0.988219,0.964400,0.002044,0.964642,0.002045,0.000183,0.000052,0.000131,-0.000059,0.138359,0.826213
u1,0.041156,0.041156,0.003966,0.082414,0.963515,0.987870,0.963357,0.001785,0.963666,0.001865,0.000159,0.000046,0.000112,-0.000151,0.138222,0.825281
u1,0.041859,0.041859,0.003966,0.082414,0.962443,0.987519,0.962129,0.001880,0.962286,0.001937,0.000314,0.000042,0.000273,0.000157,0.138087,0.824344
u1,0.042563,0.042563,0.003966,0.082414,0.961351,0.987162,0.961617,0.001908,0.961921,0.001976,-0.000266,0.000037,-0.000303,-0.000570,0.137953,0.823387
u1,0.043266,0.043266,0.003966,0.082414,0.960255,0.986803,0.960357,0.001880,0.960573,0.001948,-0.000102,0.000033,-0.000135,-0.000318,0.137820,0.822423
u1,0.043970,0.043970,0.003966,0.082414,0.959140,0.986439,0.959341,0.002019,0.959477,0.001999,-0.000201,0.000030,-0.000231,-0.000337,0.137687,0.821441
u1,0.044673,0.044673,0.003966,0.082414,0.958021,0.986072,0.957840,0.002083,0.958075,0.002183,0.000182,0.000026,0.000155,-0.000054,0.137557,0.820453
u1,0.045377,0.045377,0.003966,0.082414,0.956884,0.985700,0.956707,0.002197,0.956853,0.002214,0.000177,0.000024,0.000153,0.000030,0.137427,0.819445
u1,0.046080,0.046080,0.003966,0.082414,0.955744,0.985326,0.955909,0.001982,0.956122,0.002037,-0.000165,0.000021,-0.000186,-0.000378,0.137299,0.818433
u1,0.046784,0.046784,0.003966,0.082414,0.954593,0.984949,0.954916,0.001914,0.955148,0.002032,-0.000323,0.000019,-0.000342,-0.000555,0.137173,0.817408
u1,0.047487,0.047487,0.003966,0.082414,0.953424,0.984565,0.953263,0.001981,0.953473,0.002099,0.000161,0.000017,0.000144,-0.000050,0.137048,0.816364
u1,0.048191,0.048191,0.003966,0.082414,0.952253,0.984180,0.952100,0.002085,0.952195,0.002108,0.000153,0.000015,0.000138,0.000058,0.136925,0.815316
u1,0.048894,0.048894,0.003966,0.082414,0.951064,0.983789,0.951117,0.002162,0.951282,0.002229,-0.000054,0.000013,-0.000067,-0.000218,0.136803,0.814248
u1,0.049598,0.049598,0.003966,0.082414,0.949873,0.983397,0.950072,0.002295,0.950188,0.002309,-0.000199,0.000012,-0.000211,-0.000315,0.136684,0.813177
u1,0.050302,0.050302,0.003966,0.082414,0.948665,0.982999,0.948326,0.001905,0.948436,0.001932,0.000339,0.000011,0.000328,0.000229,0.136567,0.812086
u1,0.051005,0.051005,0.003966,0.082414,0.947456,0.982601,0.947220,0.002340,0.947330,0.002338,0.000236,0.000010,0.000226,0.000125,0.136452,0.810991
u1,0.051709,0.051709,0.003966,0.082414,0.946229,0.982196,0.946490,0.002362,0.946635,0.002469,-0.000261,0.000009,-0.000270,-0.000406,0.136339,0.809878
u1,0.052412,0.052412,0.003966,0.082414,0.945002,0.981790,0.945513,0.002296,0.945674,0.002348,-0.000511,0.000008,-0.000518,-0.000672,0.136229,0.808761
u1,0.053116,0.053116,0.003966,0.082414,0.943758,0.981379,0.943942,0.002520,0.944059,0.002505,-0.000184,0.000007,-0.000191,-0.000301,0.136121,0.807625
u1,0.053819,0.053819,0.003966,0.082414,0.942514,0.980967,0.942282,0.002507,0.942336,0.002514,0.000233,0.000006,0.000226,0.000178,0.136016,0.806486
u1,0.054523,0.054523,0.003966,0.082414,0.941263,0.980552,0.941019,0.002228,0.941206,0.002371,0.000244,0.000006,0.000238,0.000057,0.135914,0.805337
u1,0.055226,0.055226,0.003966,0.082414,0.939995,0.980131,0.939981,0.002300,0.940057,0.002301,0.000013,0.000005,0.000008,-0.000063,0.135814,0.804168
u1,0.055930,0.055930,0.003966,0.082414,0.938728,0.979709,0.938839,0.002311,0.938925,0.002313,-0.000111,0.000005,-0.000116,-0.000197,0.135718,0.802998
u1,0.056633,0.056633,0.003966,0.082414,0.937444,0.979282,0.937045,0.002524,0.937131,0.002505,0.000400,0.000004,0.000395,0.000313,0.135624,0.801808
u1,0.057337,0.057337,0.003966,0.082414,0.936163,0.978854,0.936127,0.002442,0.936164,0.002453,0.000036,0.000004,0.000032,-0.000001,0.135534,0.800617
u1,0.058040,0.058040,0.003966,0.082414,0.934866,0.978421,0.934954,0.002204,0.934991,0.002224,-0.000088,0.000004,-0.000092,-0.000125,0.135447,0.799407
u1,0.058744,0.058744,0.003966,0.082414,0.933571,0.977987,0.933280,0.002355,0.933397,0.002380,0.000291,0.000003,0.000288,0.000174,0.135363,0.798195
u1,0.059447,0.059447,0.003966,0.082414,0.932260,0.977548,0.932298,0.002483,0.932374,0.002524,-0.000038,0.000003,-0.000041,-0.000114,0.135283,0.796965
u1,0.060151,0.060151,0.003966,0.082414,0.930953,0.977109,0.930857,0.002733,0.930927,0.002778,0.000096,0.000003,0.000093,0.000026,0.135207,0.795734
u1,0.060854,0.060854,0.003966,0.082414,0.929639,0.976667,0.929879,0.002459,0.929953,0.002500,-0.000240,0.000003,-0.000242,-0.000314,0.135134,0.794493
u1,0.061558,0.061558,0.003966,0.082414,0.928311,0.976219,0.928438,0.002455,0.928493,0.002462,-0.000127,0.000002,-0.000130,-0.000182,0.135065,0.793233
u1,0.062261,0.062261,0.003966,0.082414,0.926986,0.975771,0.927118,0.002459,0.927155,0.002470,-0.000132,0.000002,-0.000134,-0.000169,0.135001,0.791973
u1,0.062965,0.062965,0.003966,0.082414,0.925647,0.975318,0.925856,0.002727,0.925922,0.002750,-0.000209,0.000002,-0.000211,-0.000275,0.134940,0.790695
u1,0.063668,0.063668,0.003966,0.082414,0.924312,0.974865,0.924105,0.002967,0.924140,0.002967,0.000207,0.000002,0.000205,0.000172,0.134883,0.789416
u1,0.064372,0.064372,0.003966,0.082414,0.922962,0.974406,0.922510,0.002622,0.922546,0.002624,0.000452,0.000002,0.000451,0.000416,0.134831,0.788119
u1,0.065075,0.065075,0.003966,0.082414,0.921618,0.973948,0.922167,0.002348,0.922226,0.002385,-0.000549,0.000002,-0.000551,-0.000608,0.134783,0.786823
u1,0.065779,0.065779,0.003966,0.082414,0.920260,0.973484,0.920117,0.002540,0.920165,0.002578,0.000143,0.000002,0.000141,0.000095,0.134740,0.785508
u1,0.066482,0.066482,0.003966,0.082414,0.918907,0.973021,0.918989,0.002885,0.919035,0.002906,-0.000082,0.000002,-0.000084,-0.000128,0.134702,0.784193
u1,0.067186,0.067186,0.003966,0.082414,0.917541,0.972552,0.918054,0.002902,0.918075,0.002894,-0.000513,0.000002,-0.000515,-0.000535,0.134668,0.782861
u1,0.067889,0.067889,0.003966,0.082414,0.916180,0.972084,0.916175,0.002900,0.916202,0.002908,0.000005,0.000001,0.000004,-0.000021,0.134639,0.781529
u1,0.068593,0.068593,0.003966,0.082414,0.914817,0.971614,0.915115,0.002502,0.915135,0.002505,-0.000298,0.000001,-0.000300,-0.000319,0.134616,0.780189
u1,0.069296,0.069296,0.003966,0.082414,0.913440,0.971137,0.913540,0.002927,0.913603,0.002948,-0.000100,0.000001,-0.000101,-0.000163,0.134597,0.778831
u1,0.070000,0.070000,0.003966,0.082414,0.912070,0.970662,0.911686,0.002552,0.911711,0.002561,0.000384,0.000001,0.000383,0.000359,0.134583,0.777475
u2,-0.070000,-0.001897,-0.070000,0.082414,0.860276,0.930727,0.860028,0.003038,0.860028,0.003038,0.000248,0.000000,0.000248,0.000248,0.038086,0.822178
u2,-0.069296,-0.001897,-0.069296,0.082414,0.862206,0.932091,0.862018,0.003839,0.862018,0.003839,0.000188,0.000000,0.000188,0.000188,0.037955,0.824239
u2,-0.068593,-0.001897,-0.068593,0.082414,0.864160,0.933451,0.864431,0.004001,0.864431,0.004001,-0.000271,0.000000,-0.000271,-0.000271,0.037857,0.826291
u2,-0.067889,-0.001897,-0.067889,0.082414,0.866110,0.934789,0.865982,0.003325,0.865982,0.003325,0.000128,0.000000,0.000128,0.000128,0.037792,0.828306
u2,-0.067186,-0.001897,-0.067186,0.082414,0.868069,0.936114,0.867834,0.003368,0.867834,0.003368,0.000235,0.000000,0.000235,0.000235,0.037761,0.830297
u2,-0.066482,-0.001897,-0.066482,0.082414,0.870051,0.937436,0.870043,0.003417,0.870043,0.003417,0.000008,0.000000,0.000008,0.000008,0.037762,0.832277
u2,-0.065779,-0.001897,-0.065779,0.082414,0.872026,0.938735,0.871734,0.003080,0.871734,0.003080,0.000292,0.000000,0.000292,0.000292,0.037796,0.834219
u2,-0.065075,-0.001897,-0.065075,0.082414,0.874023,0.940031,0.874315,0.003366,0.874316,0.003368,-0.000292,0.000000,-0.000292,-0.000293,0.037862,0.836149
u2,-0.064372,-0.001897,-0.064372,0.082414,0.876013,0.941305,0.876313,0.003455,0.876316,0.003462,-0.000300,0.000000,-0.000300,-0.000303,0.037961,0.838040
u2,-0.063668,-0.001897,-0.063668,0.082414,0.878022,0.942574,0.877363,0.002781,0.877364,0.002783,0.000659,0.000000,0.000659,0.000658,0.038093,0.839917
u2,-0.062965,-0.001897,-0.062965,0.082414,0.880023,0.943822,0.879805,0.003672,0.879835,0.003738,0.000218,0.000000,0.000218,0.000188,0.038256,0.841755
u2,-0.062261,-0.001897,-0.062261,0.082414,0.882043,0.945065,0.882111,0.003578,0.882188,0.003716,-0.000068,0.000003,-0.000071,-0.000145,0.038452,0.843579
u2,-0.061558,-0.001897,-0.061558,0.082414,0.884052,0.946286,0.884274,0.002683,0.884375,0.002789,-0.000221,0.000013,-0.000234,-0.000323,0.038678,0.845363
u2,-0.060854,-0.001897,-0.060854,0.082414,0.886080,0.947503,0.885616,0.002964,0.885847,0.003250,0.000464,0.000051,0.000413,0.000233,0.038937,0.847131
u2,-0.060151,-0.001897,-0.060151,0.082414,0.888096,0.948697,0.887592,0.002916,0.888040,0.003331,0.000504,0.000169,0.000335,0.000056,0.039225,0.848859
u2,-0.059447,-0.001897,-0.059447,0.082414,0.890114,0.949878,0.889183,0.002872,0.889812,0.003371,0.000931,0.000466,0.000465,0.000302,0.039544,0.850558
u2,-0.058744,-0.001897,-0.058744,0.082414,0.892148,0.951054,0.891221,0.002885,0.892257,0.003448,0.000927,0.001092,-0.000165,-0.000109,0.039896,0.852239
u2,-0.058040,-0.001897,-0.058040,0.082414,0.894168,0.952208,0.892342,0.002389,0.893661,0.002957,0.001826,0.002184,-0.000359,0.000506,0.040276,0.853880
u2,-0.057337,-0.001897,-0.057337,0.082414,0.894332,0.953357,0.892312,0.003122,0.893386,0.003763,0.002021,0.001969,0.000052,0.000946,0.040688,0.855502
u2,-0.056633,-0.001897,-0.056633,0.082414,0.893191,0.954484,0.892501,0.003810,0.893499,0.004477,0.000690,0.000969,-0.000279,-0.000308,0.041127,0.857082
u2,-0.055930,-0.001897,-0.055930,0.082414,0.892103,0.955606,0.891655,0.003964,0.892334,0.004561,0.000448,0.000416,0.000032,-0.000231,0.041599,0.858642
u2,-0.055226,-0.001897,-0.055226,0.082414,0.891082,0.956706,0.891582,0.004507,0.892196,0.005129,-0.000500,0.000156,-0.000657,-0.001114,0.042097,0.860161
u2,-0.054523,-0.001897,-0.054523,0.082414,0.890114,0.957800,0.889797,0.004597,0.889997,0.004814,0.000317,0.000051,0.000267,0.000117,0.042627,0.861658
u2,-0.053819,-0.001897,-0.053819,0.082414,0.889213,0.958872,0.889978,0.004851,0.890156,0.005108,-0.000765,0.000014,-0.000779,-0.000943,0.043181,0.863113
u2,-0.053116,-0.001897,-0.053116,0.082414,0.888373,0.959931,0.888960,0.005215,0.889050,0.005355,-0.000587,0.000004,-0.000590,-0.000678,0.043763,0.864536
u2,-0.052412,-0.001897,-0.052412,0.082414,0.887587,0.960983,0.888776,0.004652,0.888843,0.004813,-0.001189,0.000001,-0.001190,-0.001257,0.044377,0.865936
u2,-0.051709,-0.001897,-0.051709,0.082414,0.886867,0.962014,0.887000,0.004812,0.887009,0.004831,-0.000133,0.000000,-0.000133,-0.000142,0.045014,0.867293
u2,-0.051005,-0.001897,-0.051005,0.082414,0.886202,0.963038,0.886323,0.004522,0.886325,0.004526,-0.000121,0.000000,-0.000121,-0.000123,0.045683,0.868627
u2,-0.050302,-0.001897,-0.050302,0.082414,0.885602,0.964042,0.885825,0.004565,0.885825,0.004566,-0.000222,0.000000,-0.000222,-0.000223,0.046373,0.869917
u2,-0.049598,-0.001897,-0.049598,0.082414,0.885059,0.965038,0.884754,0.004689,0.884754,0.004690,0.000305,0.000000,0.000305,0.000305,0.047095,0.871182
u2,-0.048894,-0.001897,-0.048894,0.082414,0.884579,0.966013,0.884807,0.004831,0.884807,0.004831,-0.000227,0.000000,-0.000227,-0.000228,0.047837,0.872403
u2,-0.048191,-0.001897,-0.048191,0.082414,0.884157,0.966982,0.884116,0.004620,0.884116,0.004620,0.000041,0.000000,0.000041,0.000041,0.048610,0.873599
u2,-0.047487,-0.001897,-0.047487,0.082414,0.883797,0.967929,0.883160,0.004635,0.883160,0.004635,0.000637,0.000000,0.000637,0.000637,0.049402,0.874751
u2,-0.046784,-0.001897,-0.046784,0.082414,0.883495,0.968869,0.883323,0.004677,0.883323,0.004677,0.000173,0.000000,0.000173,0.000173,0.050224,0.875875
u2,-0.046080,-0.001897,-0.046080,0.082414,0.883255,0.969788,0.883772,0.004786,0.883772,0.004786,-0.000516,0.000000,-0.000516,-0.000516,0.051065,0.876956
u2,-0.045377,-0.001897,-0.045377,0.082414,0.883075,0.970694,0.883357,0.005197,0.883357,0.005197,-0.000282,0.000000,-0.000282,-0.000282,0.051929,0.878001
u2,-0.044673,-0.001897,-0.044673,0.082414,0.882953,0.971591,0.882872,0.005531,0.882872,0.005531,0.000081,0.000000,0.000081,0.000081,0.052823,0.879016
u2,-0.043970,-0.001897,-0.043970,0.082414,0.882891,0.972468,0.883030,0.004364,0.883030,0.004364,-0.000139,0.000000,-0.000139,-0.000139,0.053733,0.879988
u2,-0.043266,-0.001897,-0.043266,0.082414,0.882888,0.973337,0.883153,0.005388,0.883153,0.005388,-0.000265,-0.000000,-0.000265,-0.000265,0.054672,0.880930
u2,-0.042563,-0.001897,-0.042563,0.082414,0.882944,0.974186,0.882137,0.004729,0.882137,0.004729,0.000808,0.000000,0.000808,0.000808,0.055627,0.881828
u2,-0.041859,-0.001897,-0.041859,0.082414,0.883060,0.975027,0.883099,0.005161,0.883099,0.005161,-0.000038,0.000000,-0.000038,-0.000038,0.056609,0.882695
u2,-0.041156,-0.001897,-0.041156,0.082414,0.883234,0.975848,0.882870,0.004909,0.882870,0.004909,0.000364,0.000000,0.000364,0.000364,0.057606,0.883518
u2,-0.040452,-0.001897,-0.040452,0.082414,0.883468,0.976660,0.883501,0.004891,0.883501,0.004891,-0.000033,0.000000,-0.000033,-0.000033,0.058630,0.884308
u2,-0.039749,-0.001897,-0.039749,0.082414,0.883758,0.977453,0.884500,0.005429,0.884500,0.005429,-0.000742,0.000000,-0.000742,-0.000742,0.059667,0.885055
u2,-0.039045,-0.001897,-0.039045,0.082414,0.884106,0.978231,0.884370,0.005338,0.884370,0.005338,-0.000264,0.000000,-0.000264,-0.000264,0.060724,0.885764
u2,-0.038342,-0.001897,-0.038342,0.082414,0.884514,0.979001,0.883560,0.005233,0.883560,0.005233,0.000955,0.000000,0.000955,0.000955,0.061807,0.886439
u2,-0.037638,-0.001897,-0.037638,0.082414,0.884978,0.979751,0.884628,0.005305,0.884628,0.005305,0.000350,0.000000,0.000350,0.000350,0.062902,0.887070
u2,-0.036935,-0.001897,-0.036935,0.082414,0.885502,0.980492,0.885577,0.004982,0.885577,0.004982,-0.000075,0.000000,-0.000075,-0.000075,0.064022,0.887666
u2,-0.036231,-0.001897,-0.036231,0.082414,0.886079,0.981214,0.886097,0.005718,0.886097,0.005718,-0.000018,0.000000,-0.000018,-0.000018,0.065153,0.888220
u2,-0.035528,-0.001897,-0.035528,0.082414,0.886717,0.981926,0.886846,0.005002,0.886846,0.005002,-0.000129,0.000000,-0.000129,-0.000129,0.066308,0.888737
u2,-0.034824,-0.001897,-0.034824,0.082414,0.887407,0.982620,0.887711,0.005180,0.887711,0.005180,-0.000304,0.000000,-0.000304,-0.000304,0.067473,0.889212
u2,-0.034121,-0.001897,-0.034121,0.082414,0.888158,0.983304,0.888915,0.005432,0.888915,0.005432,-0.000757,0.000000,-0.000757,-0.000757,0.068662,0.889649
u2,-0.033417,-0.001897,-0.033417,0.082414,0.888959,0.983970,0.888342,0.005523,0.888342,0.005523,0.000618,0.000000,0.000618,0.000618,0.069858,0.890044
u2,-0.032714,-0.001897,-0.032714,0.082414,0.889822,0.984625,0.889529,0.005141,0.889529,0.005141,0.000294,0.000000,0.000294,0.000294,0.071079,0.890402
u2,-0.032010,-0.001897,-0.032010,0.082414,0.890734,0.985263,0.891286,0.005294,0.891286,0.005294,-0.000552,0.000000,-0.000552,-0.000552,0.072305,0.890717
u2,-0.031307,-0.001897,-0.031307,0.082414,0.891700,0.985886,0.891600,0.005941,0.891600,0.005941,0.000100,0.000000,0.000100,0.000100,0.073547,0.890992
u2,-0.030603,-0.001897,-0.030603,0.082414,0.892728,0.986499,0.892730,0.005495,0.892730,0.005495,-0.000002,0.000000,-0.000002,-0.000002,0.074811,0.891229
u2,-0.029899,-0.001897,-0.029899,0.082414,0.893802,0.987094,0.894314,0.005856,0.894314,0.005856,-0.000512,0.000000,-0.000512,-0.000512,0.076079,0.891423
u2,-0.029196,-0.001897,-0.029196,0.082414,0.894937,0.987680,0.895240,0.006132,0.895240,0.006132,-0.000302,0.000000,-0.000302,-0.000302,0.077370,0.891579
u2,-0.028492,-0.001897,-0.028492,0.082414,0.896118,0.988247,0.894977,0.005928,0.894977,0.005928,0.001141,0.000000,0.001141,0.001141,0.078664,0.891692
u2,-0.027789,-0.001897,-0.027789,0.082414,0.897360,0.988804,0.896890,0.005895,0.896890,0.005895,0.000470,0.000000,0.000470,0.000470,0.079980,0.891766
u2,-0.027085,-0.001897,-0.027085,0.082414,0.898645,0.989343,0.899179,0.005557,0.899179,0.005557,-0.000534,0.000000,-0.000534,-0.000534,0.081298,0.891799
u2,-0.026382,-0.001897,-0.026382,0.082414,0.899992,0.989872,0.899224,0.005798,0.899224,0.005798,0.000768,0.000000,0.000768,0.000768,0.082637,0.891791
u2,-0.025678,-0.001897,-0.025678,0.082414,0.901380,0.990384,0.901095,0.005264,0.901095,0.005264,0.000286,0.000000,0.000286,0.000286,0.083977,0.891742
u2,-0.024975,-0.001897,-0.024975,0.082414,0.902830,0.990885,0.902520,0.005229,0.902520,0.005229,0.000310,0.000000,0.000310,0.000310,0.085337,0.891653
u2,-0.024271,-0.001897,-0.024271,0.082414,0.904320,0.991368,0.904770,0.006208,0.904770,0.006208,-0.000450,0.000000,-0.000450,-0.000450,0.086697,0.891523
u2,-0.023568,-0.001897,-0.023568,0.082414,0.905860,0.991838,0.905162,0.005134,0.905162,0.005134,0.000698,0.000000,0.000698,0.000698,0.088067,0.891353
u2,-0.022864,-0.001897,-0.022864,0.082414,0.907460,0.992298,0.908008,0.006290,0.908008,0.006290,-0.000548,0.000000,-0.000548,-0.000548,0.089456,0.891141
u2,-0.022161,-0.001897,-0.022161,0.082414,0.909098,0.992740,0.909560,0.006148,0.909560,0.006148,-0.000461,0.000000,-0.000461,-0.000461,0.090843,0.890890
u2,-0.021457,-0.001897,-0.021457,0.082414,0.910797,0.993172,0.911418,0.005775,0.911418,0.005775,-0.000621,0.000000,-0.000621,-0.000621,0.092248,0.890597
u2,-0.020754,-0.001897,-0.020754,0.082414,0.912532,0.993587,0.912226,0.005668,0.912226,0.005668,0.000306,0.000000,0.000306,0.000306,0.093651,0.890265
u2,-0.020050,-0.001897,-0.020050,0.082414,0.914327,0.993992,0.914614,0.006265,0.914614,0.006265,-0.000287,0.000000,-0.000287,-0.000287,0.095072,0.889891
u2,-0.019347,-0.001897,-0.019347,0.082414,0.916156,0.994380,0.915963,0.005765,0.915963,0.005765,0.000194,0.000000,0.000194,0.000194,0.096489,0.889479
u2,-0.018643,-0.001897,-0.018643,0.082414,0.918046,0.994757,0.918737,0.005547,0.918737,0.005547,-0.000691,0.000000,-0.000691,-0.000691,0.097923,0.889024
u2,-0.017940,-0.001897,-0.017940,0.082414,0.919968,0.995118,0.920594,0.005544,0.920594,0.005544,-0.000626,0.000000,-0.000626,-0.000626,0.099353,0.888532
u2,-0.017236,-0.001897,-0.017236,0.082414,0.921935,0.995465,0.922487,0.006147,0.922487,0.006147,-0.000552,0.000000,-0.000552,-0.000552,0.100789,0.888000
u2,-0.016533,-0.001897,-0.016533,0.082414,0.923961,0.995802,0.923460,0.006066,0.923460,0.006066,0.000502,0.000000,0.000502,0.000502,0.102240,0.887425
u2,-0.015829,-0.001897,-0.015829,0.082414,0.926018,0.996122,0.925823,0.005543,0.925823,0.005543,0.000195,0.000000,0.000195,0.000195,0.103686,0.886814
u2,-0.015126,-0.001897,-0.015126,0.082414,0.928134,0.996432,0.929256,0.006462,0.929256,0.006462,-0.001122,0.000000,-0.001122,-0.001122,0.105147,0.886159
u2,-0.014422,-0.001897,-0.014422,0.082414,0.930278,0.996726,0.930650,0.005635,0.930650,0.005635,-0.000372,0.000000,-0.000372,-0.000372,0.106602,0.885470
u2,-0.013719,-0.001897,-0.013719,0.082414,0.932480,0.997009,0.931481,0.006451,0.931481,0.006451,0.000999,0.000000,0.000999,0.000999,0.108070,0.884736
u2,-0.013015,-0.001897,-0.013015,0.082414,0.934709,0.997277,0.935187,0.006886,0.935187,0.006886,-0.000478,0.000000,-0.000478,-0.000478,0.109532,0.883969
u2,-0.012312,-0.001897,-0.012312,0.082414,0.936995,0.997533,0.939026,0.005970,0.939026,0.005970,-0.002030,0.000000,-0.002030,-0.002030,0.111008,0.883158
u2,-0.011608,-0.001897,-0.011608,0.082414,0.939307,0.997775,0.939494,0.006744,0.939494,0.006744,-0.000187,0.000000,-0.000187,-0.000187,0.112475,0.882314
u2,-0.010905,-0.001897,-0.010905,0.082414,0.941676,0.998005,0.942510,0.005361,0.942510,0.005361,-0.000834,-0.000000,-0.000834,-0.000834,0.113956,0.881426
u2,-0.010201,-0.001897,-0.010201,0.082414,0.944068,0.998221,0.943666,0.006679,0.943666,0.006679,0.000402,0.000000,0.000402,0.000402,0.115428,0.880506
u2,-0.009497,-0.001897,-0.009497,0.082414,0.946499,0.998424,0.947401,0.006846,0.947401,0.006846,-0.000902,0.000000,-0.000902,-0.000902,0.116902,0.879549
u2,-0.008794,-0.001897,-0.008794,0.082414,0.948987,0.998615,0.949505,0.006299,0.949505,0.006299,-0.000518,0.000000,-0.000518,-0.000518,0.118388,0.878547
u2,-0.008090,-0.001897,-0.008090,0.082414,0.951495,0.998792,0.952207,0.007097,0.952207,0.007097,-0.000712,0.000000,-0.000712,-0.000712,0.119864,0.877515
u2,-0.007387,-0.001897,-0.007387,0.082414,0.954059,0.998958,0.953772,0.006619,0.953772,0.006619,0.000287,0.000000,0.000287,0.000287,0.121352,0.876439
u2,-0.006683,-0.001897,-0.006683,0.082414,0.956642,0.999110,0.957147,0.006115,0.957147,0.006115,-0.000505,0.000000,-0.000505,-0.000505,0.122830,0.875334
u2,-0.005980,-0.001897,-0.005980,0.082414,0.959279,0.999250,0.958157,0.006571,0.958157,0.006571,0.001123,0.000000,0.001123,0.001123,0.124318,0.874185
u2,-0.005276,-0.001897,-0.005276,0.082414,0.961934,0.999377,0.961784,0.006792,0.961785,0.006796,0.000151,0.000000,0.000151,0.000149,0.125796,0.873008
u2,-0.004573,-0.001897,-0.004573,0.082414,0.964643,0.999492,0.964217,0.007979,0.964217,0.007980,0.000427,0.000000,0.000427,0.000426,0.127284,0.871786
u2,-0.003869,-0.001897,-0.003869,0.082414,0.967368,0.999594,0.967686,0.006595,0.967688,0.006599,-0.000318,0.000000,-0.000318,-0.000320,0.128761,0.870539
u2,-0.003166,-0.001897,-0.003166,0.082414,0.970127,0.999683,0.969704,0.006011,0.969706,0.006016,0.000423,0.000000,0.000423,0.000421,0.130237,0.869256
u2,-0.002462,-0.001897,-0.002462,0.082414,0.972938,0.999761,0.973224,0.007069,0.973245,0.007115,-0.000286,0.000000,-0.000286,-0.000307,0.131722,0.867930
u2,-0.001759,-0.001897,-0.001759,0.082414,0.975763,0.999826,0.974801,0.006979,0.974838,0.007061,0.000962,0.000001,0.000961,0.000925,0.133196,0.866579
u2,-0.001055,-0.001897,-0.001055,0.082414,0.978640,0.999879,0.979008,0.006678,0.979088,0.006818,-0.000368,0.000003,-0.000371,-0.000448,0.134678,0.865184
u2,-0.000352,-0.001897,-0.000352,0.082414,0.981528,0.999920,0.980531,0.006444,0.980649,0.006657,0.000997,0.000015,0.000982,0.000878,0.136148,0.863766
u2,0.000352,-0.001897,0.000352,0.082414,0.984468,0.999949,0.984217,0.005759,0.984420,0.006000,0.000251,0.000058,0.000193,0.000048,0.137626,0.862304
u2,0.001055,-0.001897,0.001055,0.082414,0.987417,0.999966,0.987447,0.006303,0.987961,0.006873,-0.000030,0.000189,-0.000219,-0.000545,0.139091,0.860820
u2,0.001759,-0.001897,0.001759,0.082414,0.990417,0.999971,0.988951,0.006812,0.989635,0.007394,0.001466,0.000535,0.000931,0.000782,0.140564,0.859293
u2,0.002462,-0.001897,0.002462,0.082414,0.993425,0.999964,0.992831,0.004766,0.993895,0.005325,0.000594,0.001301,-0.000707,-0.000470,0.142025,0.857745
u2,0.003166,-0.001897,0.003166,0.082414,0.996483,0.999945,0.993879,0.005019,0.995182,0.005600,0.002604,0.002775,-0.000171,0.001301,0.143492,0.856155
u2,0.003869,-0.001897,0.003869,0.082414,0.999502,0.999915,0.993793,0.004471,0.995183,0.005076,0.005710,0.005150,0.000560,0.004320,0.144946,0.854545
u2,0.004573,-0.001897,0.004573,0.082414,0.997362,0.999873,0.994565,0.003457,0.996134,0.004008,0.002797,0.003421,-0.000624,0.001228,0.146396,0.852904
u2,0.005276,-0.001897,0.005276,0.082414,0.994222,0.999820,0.991900,0.005286,0.993052,0.005994,0.002322,0.001704,0.000618,0.001170,0.147854,0.851221
u2,0.005980,-0.001897,0.005980,0.082414,0.991078,0.999755,0.990163,0.005749,0.991136,0.006568,0.000915,0.000757,0.000158,-0.000058,0.149297,0.849521
u2,0.006683,-0.001897,0.006683,0.082414,0.987887,0.999679,0.988139,0.006780,0.988911,0.007550,-0.000252,0.000297,-0.000549,-0.001024,0.150747,0.847779
u2,0.007387,-0.001897,0.007387,0.082414,0.984693,0.999592,0.984437,0.007607,0.984892,0.008169,0.000256,0.000105,0.000151,-0.000199,0.152182,0.846021
u2,0.008090,-0.001897,0.008090,0.082414,0.981453,0.999493,0.981176,0.006664,0.981391,0.007019,0.000277,0.000033,0.000244,0.000062,0.153623,0.844222
u2,0.008794,-0.001897,0.008794,0.082414,0.978212,0.999384,0.979324,0.007918,0.979505,0.008190,-0.001112,0.000010,-0.001122,-0.001294,0.155050,0.842407
u2,0.009497,-0.001897,0.009497,0.082414,0.974924,0.999262,0.974254,0.007266,0.974302,0.007359,0.000670,0.000002,0.000668,0.000623,0.156482,0.840553
u2,0.010201,-0.001897,0.010201,0.082414,0.971638,0.999131,0.971690,0.006984,0.971715,0.007031,-0.000052,0.000001,-0.000053,-0.000076,0.157900,0.838684
u2,0.010905,-0.001897,0.010905,0.082414,0.968331,0.998989,0.967635,0.007306,0.967639,0.007312,0.000695,0.000000,0.000695,0.000692,0.159313,0.836789
u2,0.011608,-0.001897,0.011608,0.082414,0.964978,0.998835,0.964427,0.007514,0.964434,0.007532,0.000551,0.000000,0.000551,0.000545,0.160731,0.834855
u2,0.012312,-0.001897,0.012312,0.082414,0.961630,0.998671,0.961627,0.006890,0.961628,0.006891,0.000002,0.000000,0.000002,0.000002,0.162134,0.832909
u2,0.013015,-0.001897,0.013015,0.082414,0.958237,0.998496,0.957792,0.006914,0.957793,0.006915,0.000445,0.000000,0.000445,0.000444,0.163542,0.830924
u2,0.013719,-0.001897,0.013719,0.082414,0.954849,0.998311,0.955185,0.006857,0.955185,0.006857,-0.000336,0.000000,-0.000336,-0.000336,0.164934,0.828929
u2,0.014422,-0.001897,0.014422,0.082414,0.951418,0.998114,0.949968,0.008029,0.949968,0.008029,0.001450,0.000000,0.001450,0.001450,0.166332,0.826896
u2,0.015126,-0.001897,0.015126,0.082414,0.947994,0.997909,0.946375,0.007401,0.946375,0.007401,0.001619,0.000000,0.001619,0.001619,0.167713,0.824853
u2,0.015829,-0.001897,0.015829,0.082414,0.944528,0.997691,0.944486,0.006675,0.944486,0.006675,0.000042,0.000000,0.000042,0.000042,0.169099,0.822773
u2,0.016533,-0.001897,0.016533,0.082414,0.941070,0.997465,0.941673,0.007038,0.941673,0.007038,-0.000604,0.000000,-0.000604,-0.000604,0.170470,0.820685
u2,0.017236,-0.001897,0.017236,0.082414,0.937570,0.997228,0.937574,0.006926,0.937574,0.006926,-0.000004,0.000000,-0.000004,-0.000004,0.171845,0.818561
u2,0.017940,-0.001897,0.017940,0.082414,0.934080,0.996982,0.934187,0.007421,0.934187,0.007421,-0.000107,0.000000,-0.000107,-0.000107,0.173204,0.816430
u2,0.018643,-0.001897,0.018643,0.082414,0.930575,0.996726,0.931171,0.008028,0.931171,0.008028,-0.000596,0.000000,-0.000596,-0.000596,0.174558,0.814278
u2,0.019347,-0.001897,0.019347,0.082414,0.927031,0.996458,0.926736,0.008424,0.926736,0.008424,0.000295,0.000000,0.000295,0.000295,0.175915,0.812091
u2,0.020050,-0.001897,0.020050,0.082414,0.923498,0.996182,0.924521,0.008248,0.924521,0.008248,-0.001024,-0.000000,-0.001024,-0.001024,0.177256,0.809900
u2,0.020754,-0.001897,0.020754,0.082414,0.919926,0.995895,0.918057,0.008154,0.918057,0.008154,0.001869,0.000000,0.001869,0.001869,0.178601,0.807673
u2,0.021457,-0.001897,0.021457,0.082414,0.916367,0.995600,0.916455,0.007233,0.916455,0.007233,-0.000088,0.000000,-0.000088,-0.000088,0.179931,0.805443
u2,0.022161,-0.001897,0.022161,0.082414,0.912771,0.995294,0.912902,0.007091,0.912902,0.007091,-0.000132,0.000000,-0.000132,-0.000132,0.181263,0.803180
u2,0.022864,-0.001897,0.022864,0.082414,0.909188,0.994980,0.910431,0.007515,0.910431,0.007515,-0.001243,0.000000,-0.001243,-0.001243,0.182580,0.800914
u2,0.023568,-0.001897,0.023568,0.082414,0.905569,0.994655,0.906191,0.007064,0.906191,0.007064,-0.000622,0.000000,-0.000622,-0.000622,0.183901,0.798615
u2,0.024271,-0.001897,0.024271,0.082414,0.901965,0.994322,0.901138,0.007637,0.901138,0.007637,0.000827,0.000000,0.000827,0.000827,0.185205,0.796316
u2,0.024975,-0.001897,0.024975,0.082414,0.898352,0.993981,0.898667,0.006972,0.898667,0.006972,-0.000316,0.000000,-0.000316,-0.000316,0.186504,0.794001
u2,0.025678,-0.001897,0.025678,0.082414,0.894703,0.993628,0.893762,0.007300,0.893762,0.007300,0.000941,0.000000,0.000941,0.000941,0.187805,0.791654
u2,0.026382,-0.001897,0.026382,0.082414,0.891071,0.993269,0.890859,0.007404,0.890859,0.007404,0.000212,0.000000,0.000212,0.000212,0.189091,0.789308
u2,0.027085,-0.001897,0.027085,0.082414,0.887406,0.992898,0.888405,0.008544,0.888405,0.008544,-0.000999,0.000000,-0.000999,-0.000999,0.190379,0.786931
u2,0.027789,-0.001897,0.027789,0.082414,0.883759,0.992521,0.885068,0.008881,0.885068,0.008881,-0.001310,0.000000,-0.001310,-0.001310,0.191652,0.784556
u2,0.028492,-0.001897,0.028492,0.082414,0.880078,0.992133,0.881036,0.008391,0.881036,0.008391,-0.000958,0.000000,-0.000958,-0.000958,0.192928,0.782151
u2,0.029196,-0.001897,0.029196,0.082414,0.876417,0.991739,0.876510,0.007489,0.876510,0.007489,-0.000093,0.000000,-0.000093,-0.000093,0.194188,0.779751
u2,0.029899,-0.001897,0.029899,0.082414,0.872724,0.991333,0.871424,0.008256,0.871424,0.008256,0.001300,0.000000,0.001300,0.001300,0.195451,0.777320
u2,0.030603,-0.001897,0.030603,0.082414,0.869052,0.990922,0.869092,0.008728,0.869092,0.008728,-0.000041,0.000000,-0.000041,-0.000041,0.196698,0.774895
u2,0.031307,-0.001897,0.031307,0.082414,0.865348,0.990499,0.864937,0.008290,0.864937,0.008290,0.000411,0.000000,0.000411,0.000411,0.197948,0.772441
u2,0.032010,-0.001897,0.032010,0.082414,0.861666,0.990072,0.861626,0.007570,0.861626,0.007570,0.000040,0.000000,0.000040,0.000040,0.199182,0.769994
u2,0.032714,-0.001897,0.032714,0.082414,0.857980,0.989636,0.857468,0.007620,0.857468,0.007620,0.000512,0.000000,0.000512,0.000512,0.200410,0.767536
u2,0.033417,-0.001897,0.033417,0.082414,0.854264,0.989189,0.852716,0.007515,0.852716,0.007515,0.001548,0.000000,0.001548,0.001548,0.201641,0.765051
u2,0.034121,-0.001897,0.034121,0.082414,0.850572,0.988738,0.850231,0.006751,0.850231,0.006751,0.000341,0.000000,0.000341,0.000341,0.202856,0.762574
u2,0.034824,-0.001897,0.034824,0.082414,0.846851,0.988275,0.847668,0.008101,0.847668,0.008101,-0.000817,0.000000,-0.000817,-0.000817,0.204073,0.760070
u2,0.035528,-0.001897,0.035528,0.082414,0.843154,0.987808,0.842529,0.008327,0.842529,0.008327,0.000625,0.000000,0.000625,0.000625,0.205276,0.757576
u2,0.036231,-0.001897,0.036231,0.082414,0.839429,0.987329,0.838757,0.008652,0.838757,0.008652,0.000672,0.000000,0.000672,0.000672,0.206481,0.755056
u2,0.036935,-0.001897,0.036935,0.082414,0.835730,0.986847,0.836283,0.007621,0.836283,0.007621,-0.000553,0.000000,-0.000553,-0.000553,0.207670,0.752546
u2,0.037638,-0.001897,0.037638,0.082414,0.832004,0.986353,0.833153,0.007609,0.833153,0.007609,-0.001150,0.000000,-0.001150,-0.001150,0.208862,0.750012
u2,0.038342,-0.001897,0.038342,0.082414,0.828304,0.985856,0.828299,0.007945,0.828299,0.007945,0.000004,0.000000,0.000004,0.000004,0.210039,0.747489
u2,0.039045,-0.001897,0.039045,0.082414,0.824578,0.985348,0.823414,0.008005,0.823414,0.008005,0.001163,0.000000,0.001163,0.001163,0.211218,0.744942
u2,0.039749,-0.001897,0.039749,0.082414,0.820879,0.984836,0.819092,0.008823,0.819092,0.008823,0.001786,0.000000,0.001786,0.001786,0.212383,0.742407
u2,0.040452,-0.001897,0.040452,0.082414,0.817181,0.984317,0.817272,0.007833,0.817272,0.007833,-0.000091,0.000000,-0.000091,-0.000091,0.213541,0.739868
u2,0.041156,-0.001897,0.041156,0.082414,0.813459,0.983787,0.813639,0.007675,0.813639,0.007675,-0.000180,0.000000,-0.000180,-0.000180,0.214701,0.737306
u2,0.041859,-0.001897,0.041859,0.082414,0.809765,0.983254,0.809096,0.008404,0.809096,0.008404,0.000669,0.000000,0.000669,0.000669,0.215847,0.734758
u2,0.042563,-0.001897,0.042563,0.082414,0.806048,0.982710,0.805315,0.007912,0.805315,0.007912,0.000732,0.000000,0.000732,0.000732,0.216995,0.732188
u2,0.043266,-0.001897,0.043266,0.082414,0.802359,0.982164,0.803340,0.008412,0.803340,0.008412,-0.000981,0.000000,-0.000981,-0.000981,0.218128,0.729633
u2,0.043970,-0.001897,0.043970,0.082414,0.798648,0.981607,0.798363,0.008350,0.798363,0.008350,0.000285,0.000000,0.000285,0.000285,0.219264,0.727058
u2,0.044673,-0.001897,0.044673,0.082414,0.794967,0.981047,0.794754,0.008198,0.794754,0.008198,0.000213,0.000000,0.000213,0.000213,0.220385,0.724498
u2,0.045377,-0.001897,0.045377,0.082414,0.791264,0.980477,0.791967,0.008466,0.791967,0.008466,-0.000703,0.000000,-0.000703,-0.000703,0.221508,0.721918
u2,0.046080,-0.001897,0.046080,0.082414,0.787592,0.979905,0.787317,0.008235,0.787317,0.008235,0.000275,0.000000,0.000275,0.000275,0.222617,0.719355
u2,0.046784,-0.001897,0.046784,0.082414,0.783925,0.979326,0.783597,0.008360,0.783597,0.008360,0.000328,0.000000,0.000328,0.000328,0.223720,0.716791
u2,0.047487,-0.001897,0.047487,0.082414,0.780237,0.978737,0.780265,0.007459,0.780265,0.007459,-0.000028,0.000000,-0.000028,-0.000028,0.224825,0.714208
u2,0.048191,-0.001897,0.048191,0.082414,0.776581,0.978145,0.776224,0.007934,0.776224,0.007934,0.000357,0.000000,0.000357,0.000357,0.225917,0.711644
u2,0.048894,-0.001897,0.048894,0.082414,0.772906,0.977544,0.772961,0.008036,0.772961,0.008036,-0.000056,0.000000,-0.000056,-0.000056,0.227010,0.709061
u2,0.049598,-0.001897,0.049598,0.082414,0.769263,0.976941,0.768930,0.007937,0.768930,0.007937,0.000332,0.000000,0.000332,0.000332,0.228089,0.706497
u2,0.050302,-0.001897,0.050302,0.082414,0.765600,0.976328,0.765079,0.008310,0.765079,0.008310,0.000521,0.000000,0.000521,0.000521,0.229170,0.703917
u2,0.051005,-0.001897,0.051005,0.082414,0.761971,0.975713,0.762133,0.007800,0.762133,0.007800,-0.000162,0.000000,-0.000162,-0.000162,0.230238,0.701355
u2,0.051709,-0.001897,0.051709,0.082414,0.758324,0.975089,0.759079,0.007851,0.759079,0.007851,-0.000755,0.000000,-0.000755,-0.000755,0.231308,0.698778
u2,0.052412,-0.001897,0.052412,0.082414,0.754711,0.974463,0.754507,0.008245,0.754507,0.008245,0.000204,0.000000,0.000204,0.000204,0.232364,0.696221
u2,0.053116,-0.001897,0.053116,0.082414,0.751080,0.973827,0.750942,0.008960,0.750942,0.008960,0.000138,0.000000,0.000138,0.000138,0.233422,0.693648
u2,0.053819,-0.001897,0.053819,0.082414,0.747484,0.973191,0.745366,0.008328,0.745366,0.008328,0.002118,0.000000,0.002118,0.002118,0.234467,0.691097
u2,0.054523,-0.001897,0.054523,0.082414,0.743897,0.972549,0.743206,0.009025,0.743206,0.009025,0.000690,0.000000,0.000690,0.000690,0.235506,0.688549
u2,0.055226,-0.001897,0.055226,0.082414,0.740293,0.971897,0.740415,0.007917,0.740415,0.007917,-0.000122,0.000000,-0.000122,-0.000122,0.236547,0.685986
u2,0.055930,-0.001897,0.055930,0.082414,0.736725,0.971245,0.737140,0.008161,0.737140,0.008161,-0.000416,0.000000,-0.000416,-0.000416,0.237576,0.683446
u2,0.056633,-0.001897,0.056633,0.082414,0.733141,0.970583,0.732746,0.007834,0.732746,0.007834,0.000394,0.000000,0.000394,0.000394,0.238605,0.680892
u2,0.057337,-0.001897,0.057337,0.082414,0.729592,0.969921,0.730817,0.008826,0.730817,0.008826,-0.001225,0.000000,-0.001225,-0.001225,0.239623,0.678361
u2,0.058040,-0.001897,0.058040,0.082414,0.726030,0.969249,0.725320,0.008347,0.725320,0.008347,0.000709,0.000000,0.000709,0.000709,0.240641,0.675817
u2,0.058744,-0.001897,0.058744,0.082414,0.722503,0.968577,0.722961,0.009549,0.722961,0.009549,-0.000459,0.000000,-0.000459,-0.000459,0.241648,0.673296
u2,0.059447,-0.001897,0.059447,0.082414,0.718962,0.967896,0.719608,0.009203,0.719608,0.009203,-0.000646,0.000000,-0.000646,-0.000646,0.242655,0.670763
u2,0.060151,-0.001897,0.060151,0.082414,0.715458,0.967215,0.715065,0.007258,0.715065,0.007258,0.000392,0.000000,0.000392,0.000392,0.243651,0.668254
u2,0.060854,-0.001897,0.060854,0.082414,0.711965,0.966530,0.712490,0.009184,0.712490,0.009184,-0.000525,0.000000,-0.000525,-0.000525,0.244641,0.665752
u2,0.061558,-0.001897,0.061558,0.082414,0.708459,0.965835,0.709015,0.009610,0.709015,0.009610,-0.000556,0.000000,-0.000556,-0.000556,0.245633,0.663238
u2,0.062261,-0.001897,0.062261,0.082414,0.704991,0.965140,0.705616,0.008355,0.705616,0.008355,-0.000625,0.000000,-0.000625,-0.000625,0.246613,0.660749
u2,0.062965,-0.001897,0.062965,0.082414,0.701510,0.964437,0.702087,0.008227,0.702087,0.008227,-0.000577,0.000000,-0.000577,-0.000577,0.247594,0.658250
u2,0.063668,-0.001897,0.063668,0.082414,0.698067,0.963734,0.698837,0.008501,0.698837,0.008501,-0.000770,0.000000,-0.000770,-0.000770,0.248563,0.655776
u2,0.064372,-0.001897,0.064372,0.082414,0.694612,0.963023,0.695933,0.008758,0.695933,0.008758,-0.001321,0.000000,-0.001321,-0.001321,0.249534,0.653292
u2,0.065075,-0.001897,0.065075,0.082414,0.691195,0.962312,0.691898,0.007968,0.691898,0.007968,-0.000703,0.000000,-0.000703,-0.000703,0.250493,0.650833
u2,0.065779,-0.001897,0.065779,0.082414,0.687767,0.961592,0.688136,0.009138,0.688136,0.009138,-0.000369,0.000000,-0.000369,-0.000369,0.251453,0.648366
u2,0.066482,-0.001897,0.066482,0.082414,0.684377,0.960874,0.683971,0.007337,0.683971,0.007337,0.000406,0.000000,0.000406,0.000406,0.252402,0.645925
u2,0.067186,-0.001897,0.067186,0.082414,0.680977,0.960146,0.682989,0.008879,0.682989,0.008879,-0.002012,0.000000,-0.002012,-0.002012,0.253352,0.643475
u2,0.067889,-0.001897,0.067889,0.082414,0.677615,0.959421,0.677143,0.008536,0.677143,0.008536,0.000472,0.000000,0.000472,0.000472,0.254290,0.641052
u2,0.068593,-0.001897,0.068593,0.082414,0.674268,0.958691,0.673616,0.008946,0.673616,0.008946,0.000652,0.000000,0.000652,0.000652,0.255224,0.638638
u2,0.069296,-0.001897,0.069296,0.082414,0.670911,0.957953,0.673490,0.008005,0.673490,0.008005,-0.002579,0.000000,-0.002579,-0.002579,0.256159,0.636216
u2,0.070000,-0.001897,0.070000,0.082414,0.667593,0.957217,0.668014,0.009831,0.668014,0.009831,-0.000421,0.000000,-0.000421,-0.000421,0.257083,0.633821
u3,-0.400000,-0.001897,0.003966,-0.400000,0.826222,0.994428,0.824820,0.008640,0.824820,0.008640,0.001402,0.000000,0.001402,0.001402,0.232097,0.767465
u3,-0.395980,-0.001897,0.003966,-0.395980,0.827794,0.994520,0.828333,0.007967,0.828333,0.007967,-0.000539,0.000000,-0.000539,-0.000539,0.231311,0.768250
u3,-0.391960,-0.001897,0.003966,-0.391960,0.829364,0.994610,0.829954,0.009345,0.829954,0.009345,-0.000590,0.000000,-0.000590,-0.000590,0.230525,0.769035
u3,-0.387940,-0.001897,0.003966,-0.387940,0.830933,0.994700,0.831424,0.009096,0.831424,0.009096,-0.000492,0.000000,-0.000492,-0.000492,0.229741,0.769819
u3,-0.383920,-0.001897,0.003966,-0.383920,0.832499,0.994788,0.833095,0.008136,0.833095,0.008136,-0.000596,0.000000,-0.000596,-0.000596,0.228957,0.770602
u3,-0.379899,-0.001897,0.003966,-0.379899,0.834064,0.994877,0.833791,0.009250,0.833791,0.009250,0.000272,0.000000,0.000272,0.000272,0.228174,0.771384
u3,-0.375879,-0.001897,0.003966,-0.375879,0.835626,0.994964,0.833998,0.007818,0.833998,0.007818,0.001628,0.000000,0.001628,0.001628,0.227393,0.772165
u3,-0.371859,-0.001897,0.003966,-0.371859,0.837187,0.995051,0.838761,0.007958,0.838761,0.007958,-0.001574,0.000000,-0.001574,-0.001574,0.226612,0.772945
u3,-0.367839,-0.001897,0.003966,-0.367839,0.838746,0.995136,0.839534,0.008971,0.839534,0.008971,-0.000788,0.000000,-0.000788,-0.000788,0.225832,0.773724
u3,-0.363819,-0.001897,0.003966,-0.363819,0.840303,0.995221,0.839364,0.009199,0.839364,0.009199,0.000939,0.000000,0.000939,0.000939,0.225053,0.774502
u3,-0.359799,-0.001897,0.003966,-0.359799,0.841858,0.995306,0.842491,0.007542,0.842491,0.007542,-0.000633,0.000000,-0.000633,-0.000633,0.224275,0.775279
u3,-0.355779,-0.001897,0.003966,-0.355779,0.843411,0.995389,0.842963,0.007981,0.842963,0.007981,0.000448,0.000000,0.000448,0.000448,0.223498,0.776055
u3,-0.351759,-0.001897,0.003966,-0.351759,0.844962,0.995472,0.845096,0.008431,0.845096,0.008431,-0.000134,0.000000,-0.000134,-0.000134,0.222722,0.776830
u3,-0.347739,-0.001897,0.003966,-0.347739,0.846512,0.995554,0.846312,0.007659,0.846312,0.007659,0.000199,0.000000,0.000199,0.000199,0.221947,0.777605
u3,-0.343719,-0.001897,0.003966,-0.343719,0.848059,0.995635,0.848145,0.008745,0.848145,0.008745,-0.000086,0.000000,-0.000086,-0.000086,0.221173,0.778378
u3,-0.339698,-0.001897,0.003966,-0.339698,0.849605,0.995716,0.850371,0.008183,0.850371,0.008183,-0.000767,0.000000,-0.000767,-0.000767,0.220400,0.779150
u3,-0.335678,-0.001897,0.003966,-0.335678,0.851148,0.995796,0.850789,0.007723,0.850789,0.007723,0.000359,0.000000,0.000359,0.000359,0.219628,0.779922
u3,-0.331658,-0.001897,0.003966,-0.331658,0.852690,0.995875,0.852409,0.006752,0.852409,0.006752,0.000280,0.000000,0.000280,0.000280,0.218857,0.780692
u3,-0.327638,-0.001897,0.003966,-0.327638,0.854229,0.995953,0.854502,0.008345,0.854502,0.008345,-0.000273,0.000000,-0.000273,-0.000273,0.218087,0.781461
u3,-0.323618,-0.001897,0.003966,-0.323618,0.855767,0.996030,0.854503,0.009683,0.854503,0.009683,0.001263,0.000000,0.001263,0.001263,0.217318,0.782230
u3,-0.319598,-0.001897,0.003966,-0.319598,0.857302,0.996107,0.856336,0.008505,0.856336,0.008505,0.000966,0.000000,0.000966,0.000966,0.216549,0.782997
u3,-0.315578,-0.001897,0.003966,-0.315578,0.858836,0.996183,0.859347,0.007946,0.859347,0.007946,-0.000511,0.000000,-0.000511,-0.000511,0.215782,0.783764
u3,-0.311558,-0.001897,0.003966,-0.311558,0.860368,0.996258,0.859381,0.008271,0.859381,0.008271,0.000986,0.000000,0.000986,0.000986,0.215016,0.784529
u3,-0.307538,-0.001897,0.003966,-0.307538,0.861897,0.996332,0.861853,0.009014,0.861853,0.009014,0.000044,0.000000,0.000044,0.000044,0.214251,0.785294
u3,-0.303518,-0.001897,0.003966,-0.303518,0.863425,0.996406,0.865551,0.008317,0.865551,0.008317,-0.002126,0.000000,-0.002126,-0.002126,0.213486,0.786057
u3,-0.299497,-0.001897,0.003966,-0.299497,0.864951,0.996479,0.863871,0.007719,0.863871,0.007719,0.001079,0.000000,0.001079,0.001079,0.212723,0.786820
u3,-0.295477,-0.001897,0.003966,-0.295477,0.866474,0.996551,0.864953,0.007921,0.864953,0.007921,0.001521,0.000000,0.001521,0.001521,0.211961,0.787581
u3,-0.291457,-0.001897,0.003966,-0.291457,0.867996,0.996622,0.868107,0.009030,0.868107,0.009030,-0.000111,0.000000,-0.000111,-0.000111,0.211200,0.788341
u3,-0.287437,-0.001897,0.003966,-0.287437,0.869516,0.996693,0.870791,0.007870,0.870791,0.007870,-0.001276,0.000000,-0.001276,-0.001276,0.210440,0.789101
u3,-0.283417,-0.001897,0.003966,-0.283417,0.871033,0.996763,0.870455,0.007951,0.870455,0.007951,0.000578,0.000000,0.000578,0.000578,0.209680,0.789859
u3,-0.279397,-0.001897,0.003966,-0.279397,0.872549,0.996832,0.871188,0.008764,0.871188,0.008764,0.001361,0.000000,0.001361,0.001361,0.208922,0.790617
u3,-0.275377,-0.001897,0.003966,-0.275377,0.874063,0.996900,0.873441,0.008434,0.873441,0.008434,0.000621,0.000000,0.000621,0.000621,0.208165,0.791373
u3,-0.271357,-0.001897,0.003966,-0.271357,0.875574,0.996968,0.874565,0.008779,0.874565,0.008779,0.001009,0.000000,0.001009,0.001009,0.207409,0.792129
u3,-0.267337,-0.001897,0.003966,-0.267337,0.877084,0.997034,0.876212,0.008017,0.876212,0.008017,0.000871,0.000000,0.000871,0.000871,0.206654,0.792883
u3,-0.263317,-0.001897,0.003966,-0.263317,0.878591,0.997100,0.878238,0.006936,0.878238,0.006936,0.000353,0.000000,0.000353,0.000353,0.205900,0.793636
u3,-0.259296,-0.001897,0.003966,-0.259296,0.880097,0.997166,0.881067,0.008884,0.881067,0.008884,-0.000971,0.000000,-0.000971,-0.000971,0.205146,0.794389
u3,-0.255276,-0.001897,0.003966,-0.255276,0.881600,0.997230,0.881709,0.008602,0.881709,0.008602,-0.000109,0.000000,-0.000109,-0.000109,0.204394,0.795140
u3,-0.251256,-0.001897,0.003966,-0.251256,0.883101,0.997294,0.883520,0.007998,0.883520,0.007998,-0.000419,0.000000,-0.000419,-0.000419,0.203643,0.795890
u3,-0.247236,-0.001897,0.003966,-0.247236,0.884601,0.997357,0.885124,0.008397,0.885124,0.008397,-0.000524,0.000000,-0.000524,-0.000524,0.202893,0.796640
u3,-0.243216,-0.001897,0.003966,-0.243216,0.886098,0.997419,0.885814,0.008174,0.885814,0.008174,0.000284,0.000000,0.000284,0.000284,0.202144,0.797388
u3,-0.239196,-0.001897,0.003966,-0.239196,0.887593,0.997480,0.887152,0.007870,0.887152,0.007870,0.000441,0.000000,0.000441,0.000441,0.201396,0.798135
u3,-0.235176,-0.001897,0.003966,-0.235176,0.889086,0.997541,0.888084,0.007657,0.888084,0.007657,0.001002,0.000000,0.001002,0.001002,0.200649,0.798881
u3,-0.231156,-0.001897,0.003966,-0.231156,0.890577,0.997601,0.889271,0.007650,0.889271,0.007650,0.001306,0.000000,0.001306,0.001306,0.199903,0.799626
u3,-0.227136,-0.001897,0.003966,-0.227136,0.892066,0.997660,0.892078,0.008945,0.892078,0.008945,-0.000012,0.000000,-0.000012,-0.000012,0.199159,0.800370
u3,-0.223116,-0.001897,0.003966,-0.223116,0.893553,0.997718,0.893974,0.009448,0.893974,0.009448,-0.000422,0.000000,-0.000422,-0.000422,0.198415,0.801113
u3,-0.219095,-0.001897,0.003966,-0.219095,0.895037,0.997776,0.894924,0.007839,0.894924,0.007839,0.000113,0.000000,0.000113,0.000113,0.197672,0.801855
u3,-0.215075,-0.001897,0.003966,-0.215075,0.896520,0.997833,0.896426,0.008078,0.896426,0.008078,0.000094,0.000000,0.000094,0.000094,0.196930,0.802596
u3,-0.211055,-0.001897,0.003966,-0.211055,0.898000,0.997889,0.898114,0.008539,0.898114,0.008539,-0.000114,0.000000,-0.000114,-0.000114,0.196190,0.803336
u3,-0.207035,-0.001897,0.003966,-0.207035,0.899479,0.997944,0.898792,0.008658,0.898792,0.008658,0.000686,0.000000,0.000686,0.000686,0.195450,0.804075
u3,-0.203015,-0.001897,0.003966,-0.203015,0.900955,0.997999,0.900792,0.007433,0.900792,0.007433,0.000163,0.000000,0.000163,0.000163,0.194712,0.804812
u3,-0.198995,-0.001897,0.003966,-0.198995,0.902429,0.998052,0.902618,0.007573,0.902618,0.007573,-0.000189,0.000000,-0.000189,-0.000189,0.193974,0.805549
u3,-0.194975,-0.001897,0.003966,-0.194975,0.903901,0.998105,0.904957,0.008806,0.904957,0.008806,-0.001056,0.000000,-0.001056,-0.001056,0.193238,0.806285
u3,-0.190955,-0.001897,0.003966,-0.190955,0.905371,0.998158,0.905173,0.007848,0.905173,0.007848,0.000198,0.000000,0.000198,0.000198,0.192503,0.807019
u3,-0.186935,-0.001897,0.003966,-0.186935,0.906839,0.998209,0.907030,0.008081,0.907030,0.008081,-0.000192,0.000000,-0.000192,-0.000192,0.191768,0.807753
u3,-0.182915,-0.001897,0.003966,-0.182915,0.908304,0.998260,0.908121,0.007330,0.908121,0.007330,0.000183,0.000000,0.000183,0.000183,0.191035,0.808485
u3,-0.178894,-0.001897,0.003966,-0.178894,0.909767,0.998310,0.908630,0.008230,0.908630,0.008230,0.001137,0.000000,0.001137,0.001137,0.190303,0.809216
u3,-0.174874,-0.001897,0.003966,-0.174874,0.911229,0.998359,0.910788,0.008128,0.910788,0.008128,0.000440,0.000000,0.000440,0.000440,0.189572,0.809947
u3,-0.170854,-0.001897,0.003966,-0.170854,0.912688,0.998407,0.913743,0.007100,0.913743,0.007100,-0.001056,0.000000,-0.001056,-0.001056,0.188842,0.810676
u3,-0.166834,-0.001897,0.003966,-0.166834,0.914145,0.998455,0.914135,0.007556,0.914135,0.007556,0.000009,0.000000,0.000009,0.000009,0.188113,0.811404
u3,-0.162814,-0.001897,0.003966,-0.162814,0.915599,0.998502,0.915646,0.007150,0.915646,0.007150,-0.000047,0.000000,-0.000047,-0.000047,0.187386,0.812131
u3,-0.158794,-0.001897,0.003966,-0.158794,0.917052,0.998548,0.916172,0.007200,0.916172,0.007200,0.000880,0.000000,0.000880,0.000880,0.186659,0.812857
u3,-0.154774,-0.001897,0.003966,-0.154774,0.918502,0.998593,0.919341,0.008199,0.919341,0.008199,-0.000839,0.000000,-0.000839,-0.000839,0.185933,0.813581
u3,-0.150754,-0.001897,0.003966,-0.150754,0.919951,0.998638,0.919702,0.007728,0.919702,0.007728,0.000248,0.000000,0.000248,0.000248,0.185209,0.814305
u3,-0.146734,-0.001897,0.003966,-0.146734,0.921397,0.998682,0.921377,0.007053,0.921377,0.007053,0.000019,0.000000,0.000019,0.000019,0.184485,0.815028
u3,-0.142714,-0.001897,0.003966,-0.142714,0.922840,0.998725,0.922462,0.007281,0.922462,0.007281,0.000378,0.000000,0.000378,0.000378,0.183763,0.815749
u3,-0.138693,-0.001897,0.003966,-0.138693,0.924282,0.998767,0.922623,0.007347,0.922623,0.007347,0.001659,0.000000,0.001659,0.001659,0.183042,0.816470
u3,-0.134673,-0.001897,0.003966,-0.134673,0.925721,0.998808,0.925140,0.007566,0.925140,0.007566,0.000581,0.000000,0.000581,0.000581,0.182322,0.817189
u3,-0.130653,-0.001897,0.003966,-0.130653,0.927159,0.998849,0.927163,0.007357,0.927163,0.007357,-0.000005,0.000000,-0.000005,-0.000005,0.181603,0.817907
u3,-0.126633,-0.001897,0.003966,-0.126633,0.928594,0.998889,0.929169,0.008804,0.929169,0.008804,-0.000576,0.000000,-0.000576,-0.000576,0.180885,0.818624
u3,-0.122613,-0.001897,0.003966,-0.122613,0.930026,0.998928,0.929050,0.006659,0.929050,0.006659,0.000976,0.000000,0.000976,0.000976,0.180168,0.819340
u3,-0.118593,-0.001897,0.003966,-0.118593,0.931457,0.998967,0.931036,0.007294,0.931036,0.007294,0.000421,0.000000,0.000421,0.000421,0.179452,0.820055
u3,-0.114573,-0.001897,0.003966,-0.114573,0.932885,0.999004,0.931793,0.007895,0.931793,0.007895,0.001092,0.000000,0.001092,0.001092,0.178738,0.820769
u3,-0.110553,-0.001897,0.003966,-0.110553,0.934311,0.999041,0.933852,0.006699,0.933852,0.006699,0.000459,0.000000,0.000459,0.000459,0.178024,0.821481
u3,-0.106533,-0.001897,0.003966,-0.106533,0.935735,0.999078,0.935809,0.007837,0.935809,0.007837,-0.000074,-0.000000,-0.000074,-0.000074,0.177312,0.822193
u3,-0.102513,-0.001897,0.003966,-0.102513,0.937157,0.999113,0.938176,0.006887,0.938176,0.006887,-0.001020,-0.000000,-0.001020,-0.001020,0.176601,0.822903
u3,-0.098492,-0.001897,0.003966,-0.098492,0.938576,0.999147,0.939378,0.007574,0.939378,0.007574,-0.000802,0.000000,-0.000802,-0.000802,0.175891,0.823613
u3,-0.094472,-0.001897,0.003966,-0.094472,0.939993,0.999181,0.941941,0.007918,0.941941,0.007918,-0.001948,0.000000,-0.001948,-0.001948,0.175182,0.824321
u3,-0.090452,-0.001897,0.003966,-0.090452,0.941408,0.999214,0.940843,0.007490,0.940843,0.007490,0.000565,0.000000,0.000565,0.000565,0.174474,0.825028
u3,-0.086432,-0.001897,0.003966,-0.086432,0.942820,0.999247,0.942587,0.007944,0.942587,0.007944,0.000233,0.000000,0.000233,0.000233,0.173768,0.825734
u3,-0.082412,-0.001897,0.003966,-0.082412,0.944231,0.999278,0.943668,0.007884,0.943668,0.007884,0.000562,0.000000,0.000562,0.000562,0.173062,0.826438
u3,-0.078392,-0.001897,0.003966,-0.078392,0.945639,0.999309,0.944204,0.007757,0.944204,0.007757,0.001434,0.000000,0.001434,0.001434,0.172358,0.827142
u3,-0.074372,-0.001897,0.003966,-0.074372,0.947044,0.999339,0.945912,0.007072,0.945912,0.007072,0.001132,0.000000,0.001132,0.001132,0.171654,0.827844
u3,-0.070352,-0.001897,0.003966,-0.070352,0.948448,0.999368,0.947563,0.006874,0.947563,0.006874,0.000884,0.000000,0.000884,0.000884,0.170952,0.828546
u3,-0.066332,-0.001897,0.003966,-0.066332,0.949849,0.999397,0.950363,0.007498,0.950363,0.007498,-0.000514,0.000000,-0.000514,-0.000514,0.170251,0.829246
u3,-0.062312,-0.001897,0.003966,-0.062312,0.951248,0.999424,0.950502,0.007825,0.950502,0.007825,0.000745,0.000000,0.000745,0.000745,0.169551,0.829945
u3,-0.058291,-0.001897,0.003966,-0.058291,0.952644,0.999451,0.952959,0.008916,0.952959,0.008916,-0.000315,0.000000,-0.000315,-0.000315,0.168853,0.830643
u3,-0.054271,-0.001897,0.003966,-0.054271,0.954039,0.999477,0.953522,0.006499,0.953522,0.006499,0.000516,0.000000,0.000516,0.000516,0.168155,0.831339
u3,-0.050251,-0.001897,0.003966,-0.050251,0.955430,0.999503,0.954016,0.008053,0.954016,0.008053,0.001414,0.000000,0.001414,0.001414,0.167459,0.832035
u3,-0.046231,-0.001897,0.003966,-0.046231,0.956820,0.999527,0.957703,0.008577,0.957704,0.008579,-0.000883,0.000000,-0.000883,-0.000884,0.166764,0.832729
u3,-0.042211,-0.001897,0.003966,-0.042211,0.958207,0.999551,0.958855,0.008410,0.958856,0.008411,-0.000648,0.000000,-0.000648,-0.000648,0.166070,0.833423
u3,-0.038191,-0.001897,0.003966,-0.038191,0.959592,0.999574,0.959425,0.007497,0.959425,0.007497,0.000167,0.000000,0.000167,0.000167,0.165377,0.834115
u3,-0.034171,-0.001897,0.003966,-0.034171,0.960975,0.999597,0.960155,0.007683,0.960156,0.007684,0.000820,0.000000,0.000820,0.000819,0.164685,0.834806
u3,-0.030151,-0.001897,0.003966,-0.030151,0.962355,0.999618,0.963350,0.006995,0.963351,0.006995,-0.000995,0.000000,-0.000995,-0.000995,0.163994,0.835495
u3,-0.026131,-0.001897,0.003966,-0.026131,0.963733,0.999639,0.962786,0.007615,0.962788,0.007622,0.000947,0.000000,0.000947,0.000945,0.163305,0.836184
u3,-0.022111,-0.001897,0.003966,-0.022111,0.965109,0.999659,0.966585,0.005741,0.966586,0.005743,-0.001476,0.000000,-0.001476,-0.001477,0.162617,0.836871
u3,-0.018090,-0.001897,0.003966,-0.018090,0.966482,0.999678,0.966364,0.007352,0.966367,0.007358,0.000118,0.000000,0.000118,0.000115,0.161930,0.837558
u3,-0.014070,-0.001897,0.003966,-0.014070,0.967853,0.999697,0.968623,0.006445,0.968628,0.006455,-0.000770,0.000000,-0.000770,-0.000774,0.161244,0.838243
u3,-0.010050,-0.001897,0.003966,-0.010050,0.969222,0.999715,0.971812,0.007890,0.971829,0.007922,-0.002591,0.000000,-0.002591,-0.002608,0.160559,0.838927
u3,-0.006030,-0.001897,0.003966,-0.006030,0.970588,0.999732,0.970030,0.007057,0.970037,0.007072,0.000558,0.000000,0.000557,0.000551,0.159876,0.839609
u3,-0.002010,-0.001897,0.003966,-0.002010,0.971952,0.999748,0.970614,0.008146,0.970631,0.008180,0.001337,0.000000,0.001337,0.001321,0.159193,0.840291
u3,0.002010,-0.001897,0.003966,0.002010,0.973313,0.999763,0.974634,0.007705,0.974674,0.007777,-0.001321,0.000000,-0.001322,-0.001361,0.158512,0.840971
u3,0.006030,-0.001897,0.003966,0.006030,0.974672,0.999778,0.974786,0.006996,0.974847,0.007156,-0.000114,0.000001,-0.000115,-0.000174,0.157832,0.841650
u3,0.010050,-0.001897,0.003966,0.010050,0.976029,0.999792,0.976127,0.006510,0.976185,0.006641,-0.000098,0.000002,-0.000100,-0.000156,0.157153,0.842328
u3,0.014070,-0.001897,0.003966,0.014070,0.977383,0.999805,0.977765,0.007475,0.977879,0.007699,-0.000382,0.000004,-0.000386,-0.000495,0.156476,0.843005
u3,0.018090,-0.001897,0.003966,0.018090,0.978735,0.999817,0.978503,0.007430,0.978632,0.007678,0.000232,0.000007,0.000225,0.000103,0.155799,0.843680
u3,0.022111,-0.001897,0.003966,0.022111,0.980085,0.999829,0.982644,0.005750,0.982826,0.005998,-0.002560,0.000013,-0.002573,-0.002741,0.155124,0.844355
u3,0.026131,-0.001897,0.003966,0.026131,0.981432,0.999839,0.982197,0.006597,0.982405,0.006879,-0.000765,0.000024,-0.000789,-0.000973,0.154450,0.845028
u3,0.030151,-0.001897,0.003966,0.030151,0.982777,0.999850,0.982451,0.007112,0.982725,0.007504,0.000325,0.000042,0.000284,0.000052,0.153778,0.845700
u3,0.034171,-0.001897,0.003966,0.034171,0.984119,0.999859,0.984150,0.006827,0.984467,0.007224,-0.000031,0.000071,-0.000102,-0.000348,0.153106,0.846371
u3,0.038191,-0.001897,0.003966,0.038191,0.985459,0.999867,0.985798,0.006302,0.986279,0.006855,-0.000339,0.000117,-0.000457,-0.000820,0.152436,0.847040
u3,0.042211,-0.001897,0.003966,0.042211,0.986796,0.999875,0.986760,0.007211,0.987346,0.007826,0.000036,0.000188,-0.000152,-0.000550,0.151766,0.847709
u3,0.046231,-0.001897,0.003966,0.046231,0.988132,0.999882,0.988752,0.006557,0.989516,0.007231,-0.000621,0.000295,-0.000916,-0.001384,0.151098,0.848376
u3,0.050251,-0.001897,0.003966,0.050251,0.989464,0.999888,0.988765,0.005765,0.989526,0.006491,0.000699,0.000451,0.000248,-0.000061,0.150432,0.849042
u3,0.054271,-0.001897,0.003966,0.054271,0.990794,0.999894,0.990416,0.006302,0.991449,0.007060,0.000379,0.000672,-0.000293,-0.000655,0.149766,0.849706
u3,0.058291,-0.001897,0.003966,0.058291,0.992122,0.999898,0.991699,0.005674,0.992746,0.006313,0.000423,0.000977,-0.000554,-0.000624,0.149102,0.850370
u3,0.062312,-0.001897,0.003966,0.062312,0.993448,0.999902,0.992240,0.005264,0.993436,0.006011,0.001207,0.001385,-0.000178,0.000011,0.148439,0.851032
u3,0.066332,-0.001897,0.003966,0.066332,0.994770,0.999905,0.993692,0.004631,0.995037,0.005259,0.001078,0.001919,-0.000841,-0.000267,0.147777,0.851693
u3,0.070352,-0.001897,0.003966,0.070352,0.996091,0.999908,0.993516,0.004445,0.994903,0.005120,0.002575,0.002599,-0.000025,0.001188,0.147116,0.852353
u3,0.074372,-0.001897,0.003966,0.074372,0.997409,0.999909,0.993923,0.004174,0.995315,0.004733,0.003486,0.003444,0.000042,0.002093,0.146457,0.853011
u3,0.078392,-0.001897,0.003966,0.078392,0.998724,0.999910,0.994998,0.003804,0.996590,0.004261,0.003726,0.004467,-0.000741,0.002134,0.145799,0.853669
u3,0.082412,-0.001897,0.003966,0.082412,0.999479,0.999910,0.994595,0.004601,0.996068,0.005143,0.004884,0.005119,-0.000235,0.003411,0.145142,0.854325
u3,0.086432,-0.001897,0.003966,0.086432,0.998652,0.999909,0.994365,0.003942,0.995837,0.004534,0.004287,0.004385,-0.000098,0.002815,0.144486,0.854980
u3,0.090452,-0.001897,0.003966,0.090452,0.997344,0.999908,0.993386,0.004742,0.994608,0.005299,0.003958,0.003359,0.000599,0.002736,0.143832,0.855633
u3,0.094472,-0.001897,0.003966,0.094472,0.996038,0.999906,0.993780,0.004959,0.995034,0.005527,0.002258,0.002515,-0.000257,0.001004,0.143178,0.856286
u3,0.098492,-0.001897,0.003966,0.098492,0.994735,0.999903,0.993000,0.005493,0.994236,0.006106,0.001735,0.001840,-0.000105,0.000499,0.142526,0.856937
u3,0.102513,-0.001897,0.003966,0.102513,0.993434,0.999899,0.992574,0.004973,0.993688,0.005590,0.000860,0.001313,-0.000453,-0.000254,0.141876,0.857587
u3,0.106533,-0.001897,0.003966,0.106533,0.992136,0.999894,0.991059,0.005592,0.991964,0.006271,0.001077,0.000913,0.000164,0.000172,0.141226,0.858236
u3,0.110553,-0.001897,0.003966,0.110553,0.990840,0.999889,0.989918,0.006404,0.990844,0.007204,0.000922,0.000618,0.000304,-0.000004,0.140578,0.858883
u3,0.114573,-0.001897,0.003966,0.114573,0.989547,0.999883,0.988667,0.006129,0.989422,0.006852,0.000881,0.000407,0.000473,0.000125,0.139931,0.859529
u3,0.118593,-0.001897,0.003966,0.118593,0.988257,0.999876,0.987524,0.006639,0.988137,0.007312,0.000733,0.000261,0.000472,0.000119,0.139285,0.860174
u3,0.122613,-0.001897,0.003966,0.122613,0.986968,0.999869,0.987023,0.006554,0.987504,0.007044,-0.000054,0.000162,-0.000216,-0.000535,0.138641,0.860818
u3,0.126633,-0.001897,0.003966,0.126633,0.985683,0.999860,0.985444,0.006997,0.985844,0.007466,0.000239,0.000098,0.000141,-0.000161,0.137997,0.861460
u3,0.130653,-0.001897,0.003966,0.130653,0.984400,0.999851,0.984575,0.007178,0.984968,0.007693,-0.000175,0.000057,-0.000233,-0.000568,0.137355,0.862101
u3,0.134673,-0.001897,0.003966,0.134673,0.983119,0.999841,0.983630,0.006230,0.983845,0.006523,-0.000511,0.000033,-0.000543,-0.000726,0.136715,0.862741
u3,0.138693,-0.001897,0.003966,0.138693,0.981841,0.999830,0.981182,0.006029,0.981303,0.006215,0.000659,0.000018,0.000641,0.000538,0.136075,0.863380
u3,0.142714,-0.001897,0.003966,0.142714,0.980565,0.999819,0.980894,0.007010,0.981069,0.007338,-0.000329,0.000010,-0.000338,-0.000504,0.135437,0.864017
u3,0.146734,-0.001897,0.003966,0.146734,0.979292,0.999807,0.979850,0.006123,0.979932,0.006260,-0.000557,0.000005,-0.000562,-0.000640,0.134800,0.864653
u3,0.150754,-0.001897,0.003966,0.150754,0.978022,0.999794,0.977081,0.007167,0.977148,0.007293,0.000941,0.000002,0.000939,0.000873,0.134164,0.865288
u3,0.154774,-0.001897,0.003966,0.154774,0.976754,0.999780,0.977091,0.007734,0.977165,0.007865,-0.000337,0.000001,-0.000338,-0.000411,0.133530,0.865922
u3,0.158794,-0.001897,0.003966,0.158794,0.975489,0.999765,0.975570,0.007263,0.975621,0.007374,-0.000081,0.000001,-0.000082,-0.000132,0.132897,0.866554
u3,0.162814,-0.001897,0.003966,0.162814,0.974226,0.999750,0.974054,0.006441,0.974071,0.006479,0.000172,0.000000,0.000172,0.000154,0.132265,0.867185
u3,0.166834,-0.001897,0.003966,0.166834,0.972965,0.999734,0.972512,0.006824,0.972520,0.006839,0.000454,0.000000,0.000454,0.000446,0.131634,0.867815
u3,0.170854,-0.001897,0.003966,0.170854,0.971708,0.999717,0.971464,0.006880,0.971473,0.006901,0.000244,0.000000,0.000244,0.000235,0.131005,0.868443
u3,0.174874,-0.001897,0.003966,0.174874,0.970452,0.999700,0.968736,0.006281,0.968736,0.006282,0.001717,0.000000,0.001717,0.001716,0.130377,0.869070
u3,0.178894,-0.001897,0.003966,0.178894,0.969200,0.999681,0.968929,0.006081,0.968930,0.006083,0.000271,0.000000,0.000271,0.000270,0.129750,0.869696
u3,0.182915,-0.001897,0.003966,0.182915,0.967950,0.999662,0.967613,0.006577,0.967614,0.006581,0.000337,0.000000,0.000337,0.000336,0.129125,0.870321
u3,0.186935,-0.001897,0.003966,0.186935,0.966702,0.999642,0.967097,0.006460,0.967097,0.006461,-0.000394,0.000000,-0.000394,-0.000395,0.128501,0.870944
u3,0.190955,-0.001897,0.003966,0.190955,0.965458,0.999622,0.965425,0.006170,0.965425,0.006171,0.000033,0.000000,0.000033,0.000033,0.127878,0.871566
u3,0.194975,-0.001897,0.003966,0.194975,0.964215,0.999600,0.963848,0.006305,0.963848,0.006305,0.000368,0.000000,0.000368,0.000368,0.127256,0.872187
u3,0.198995,-0.001897,0.003966,0.198995,0.962976,0.999578,0.963009,0.006107,0.963009,0.006107,-0.000033,0.000000,-0.000033,-0.000033,0.126636,0.872806
u3,0.203015,-0.001897,0.003966,0.203015,0.961739,0.999555,0.961470,0.006972,0.961470,0.006972,0.000269,0.000000,0.000269,0.000269,0.126017,0.873424
u3,0.207035,-0.001897,0.003966,0.207035,0.960504,0.999531,0.960998,0.006765,0.960998,0.006765,-0.000494,0.000000,-0.000494,-0.000494,0.125400,0.874041
u3,0.211055,-0.001897,0.003966,0.211055,0.959272,0.999507,0.959165,0.006704,0.959165,0.006704,0.000108,0.000000,0.000108,0.000108,0.124783,0.874657
u3,0.215075,-0.001897,0.003966,0.215075,0.958043,0.999482,0.957585,0.007048,0.957585,0.007048,0.000458,0.000000,0.000458,0.000458,0.124168,0.875271
u3,0.219095,-0.001897,0.003966,0.219095,0.956816,0.999456,0.956455,0.006327,0.956455,0.006327,0.000362,0.000000,0.000362,0.000362,0.123554,0.875884
u3,0.223116,-0.001897,0.003966,0.223116,0.955592,0.999429,0.955437,0.007562,0.955437,0.007562,0.000156,0.000000,0.000156,0.000156,0.122942,0.876495
u3,0.227136,-0.001897,0.003966,0.227136,0.954371,0.999401,0.954583,0.006361,0.954583,0.006361,-0.000212,0.000000,-0.000212,-0.000212,0.122331,0.877106
u3,0.231156,-0.001897,0.003966,0.231156,0.953152,0.999373,0.954239,0.006768,0.954239,0.006768,-0.001087,0.000000,-0.001087,-0.001087,0.121721,0.877715
u3,0.235176,-0.001897,0.003966,0.235176,0.951936,0.999344,0.951434,0.006018,0.951434,0.006018,0.000502,0.000000,0.000502,0.000502,0.121113,0.878322
u3,0.239196,-0.001897,0.003966,0.239196,0.950723,0.999314,0.949830,0.006843,0.949830,0.006843,0.000893,0.000000,0.000893,0.000893,0.120505,0.878929
u3,0.243216,-0.001897,0.003966,0.243216,0.949512,0.999283,0.949584,0.005092,0.949584,0.005092,-0.000072,0.000000,-0.000072,-0.000072,0.119899,0.879534
u3,0.247236,-0.001897,0.003966,0.247236,0.948303,0.999252,0.949201,0.007157,0.949201,0.007157,-0.000897,0.000000,-0.000897,-0.000897,0.119295,0.880137
u3,0.251256,-0.001897,0.003966,0.251256,0.947098,0.999220,0.946760,0.005857,0.946760,0.005857,0.000338,0.000000,0.000338,0.000338,0.118692,0.880740
u3,0.255276,-0.001897,0.003966,0.255276,0.945895,0.999187,0.946455,0.006443,0.946455,0.006443,-0.000560,0.000000,-0.000560,-0.000560,0.118090,0.881341
u3,0.259296,-0.001897,0.003966,0.259296,0.944695,0.999153,0.944641,0.007314,0.944641,0.007314,0.000054,0.000000,0.000054,0.000054,0.117489,0.881940
u3,0.263317,-0.001897,0.003966,0.263317,0.943497,0.999119,0.943854,0.006888,0.943854,0.006888,-0.000357,0.000000,-0.000357,-0.000357,0.116890,0.882539
u3,0.267337,-0.001897,0.003966,0.267337,0.942302,0.999084,0.941741,0.006664,0.941741,0.006664,0.000561,0.000000,0.000561,0.000561,0.116292,0.883136
u3,0.271357,-0.001897,0.003966,0.271357,0.941110,0.999048,0.939916,0.005045,0.939916,0.005045,0.001194,0.000000,0.001194,0.001194,0.115696,0.883731
u3,0.275377,-0.001897,0.003966,0.275377,0.939920,0.999011,0.940134,0.006405,0.940134,0.006405,-0.000214,0.000000,-0.000214,-0.000214,0.115100,0.884326
u3,0.279397,-0.001897,0.003966,0.279397,0.938733,0.998973,0.939065,0.005955,0.939065,0.005955,-0.000331,0.000000,-0.000331,-0.000331,0.114506,0.884919
u3,0.283417,-0.001897,0.003966,0.283417,0.937549,0.998935,0.937267,0.006753,0.937267,0.006753,0.000282,0.000000,0.000282,0.000282,0.113914,0.885511
u3,0.287437,-0.001897,0.003966,0.287437,0.936367,0.998896,0.936629,0.006387,0.936629,0.006387,-0.000261,0.000000,-0.000261,-0.000261,0.113323,0.886101
u3,0.291457,-0.001897,0.003966,0.291457,0.935189,0.998856,0.934166,0.006551,0.934166,0.006551,0.001023,0.000000,0.001023,0.001023,0.112733,0.886690
u3,0.295477,-0.001897,0.003966,0.295477,0.934012,0.998816,0.933831,0.006480,0.933831,0.006480,0.000182,0.000000,0.000182,0.000182,0.112144,0.887278
u3,0.299497,-0.001897,0.003966,0.299497,0.932839,0.998774,0.934115,0.005962,0.934115,0.005962,-0.001276,0.000000,-0.001276,-0.001276,0.111557,0.887864
u3,0.303518,-0.001897,0.003966,0.303518,0.931668,0.998732,0.932092,0.006836,0.932092,0.006836,-0.000424,0.000000,-0.000424,-0.000424,0.110971,0.888449
u3,0.307538,-0.001897,0.003966,0.307538,0.930500,0.998689,0.930690,0.006623,0.930690,0.006623,-0.000190,0.000000,-0.000190,-0.000190,0.110387,0.889033
u3,0.311558,-0.001897,0.003966,0.311558,0.929335,0.998646,0.929710,0.005809,0.929710,0.005809,-0.000375,0.000000,-0.000375,-0.000375,0.109804,0.889615
u3,0.315578,-0.001897,0.003966,0.315578,0.928172,0.998601,0.928308,0.006156,0.928308,0.006156,-0.000136,0.000000,-0.000136,-0.000136,0.109222,0.890196
u3,0.319598,-0.001897,0.003966,0.319598,0.927012,0.998556,0.925851,0.006547,0.925851,0.006547,0.001161,0.000000,0.001161,0.001161,0.108641,0.890775
u3,0.323618,-0.001897,0.003966,0.323618,0.925855,0.998510,0.924871,0.005975,0.924871,0.005975,0.000984,0.000000,0.000984,0.000984,0.108062,0.891353
u3,0.327638,-0.001897,0.003966,0.327638,0.924700,0.998464,0.923623,0.006442,0.923623,0.006442,0.001077,0.000000,0.001077,0.001077,0.107485,0.891930
u3,0.331658,-0.001897,0.003966,0.331658,0.923548,0.998416,0.923722,0.006286,0.923722,0.006286,-0.000173,0.000000,-0.000173,-0.000173,0.106908,0.892506
u3,0.335678,-0.001897,0.003966,0.335678,0.922399,0.998368,0.921807,0.005595,0.921807,0.005595,0.000593,0.000000,0.000593,0.000593,0.106333,0.893080
u3,0.339698,-0.001897,0.003966,0.339698,0.921253,0.998319,0.920045,0.006865,0.920045,0.006865,0.001208,0.000000,0.001208,0.001208,0.105760,0.893653
u3,0.343719,-0.001897,0.003966,0.343719,0.920109,0.998269,0.919590,0.005667,0.919590,0.005667,0.000520,0.000000,0.000520,0.000520,0.105188,0.894224
u3,0.347739,-0.001897,0.003966,0.347739,0.918969,0.998219,0.918411,0.006050,0.918411,0.006050,0.000558,0.000000,0.000558,0.000558,0.104617,0.894794
u3,0.351759,-0.001897,0.003966,0.351759,0.917831,0.998167,0.918064,0.006249,0.918064,0.006249,-0.000233,0.000000,-0.000233,-0.000233,0.104047,0.895362
u3,0.355779,-0.001897,0.003966,0.355779,0.916695,0.998115,0.916937,0.006344,0.916937,0.006344,-0.000241,0.000000,-0.000241,-0.000241,0.103479,0.895930
u3,0.359799,-0.001897,0.003966,0.359799,0.915563,0.998062,0.913876,0.006037,0.913876,0.006037,0.001687,0.000000,0.001687,0.001687,0.102913,0.896496
u3,0.363819,-0.001897,0.003966,0.363819,0.914433,0.998009,0.914853,0.006383,0.914853,0.006383,-0.000420,0.000000,-0.000420,-0.000420,0.102347,0.897060
u3,0.367839,-0.001897,0.003966,0.367839,0.913306,0.997955,0.914095,0.005894,0.914095,0.005894,-0.000789,0.000000,-0.000789,-0.000789,0.101783,0.897623
u3,0.371859,-0.001897,0.003966,0.371859,0.912182,0.997899,0.912119,0.006001,0.912119,0.006001,0.000063,0.000000,0.000063,0.000063,0.101221,0.898185
u3,0.375879,-0.001897,0.003966,0.375879,0.911060,0.997844,0.909735,0.005986,0.909735,0.005986,0.001325,0.000000,0.001325,0.001325,0.100659,0.898745
u3,0.379899,-0.001897,0.003966,0.379899,0.909941,0.997787,0.909202,0.007323,0.909202,0.007323,0.000740,0.000000,0.000740,0.000740,0.100100,0.899304
u3,0.383920,-0.001897,0.003966,0.383920,0.908825,0.997729,0.909817,0.006461,0.909817,0.006461,-0.000991,0.000000,-0.000991,-0.000991,0.099541,0.899862
u3,0.387940,-0.001897,0.003966,0.387940,0.907712,0.997671,0.907933,0.005687,0.907933,0.005687,-0.000220,0.000000,-0.000220,-0.000220,0.098984,0.900418
u3,0.391960,-0.001897,0.003966,0.391960,0.906602,0.997613,0.906299,0.005739,0.906299,0.005739,0.000303,0.000000,0.000303,0.000303,0.098429,0.900972
u3,0.395980,-0.001897,0.003966,0.395980,0.905494,0.997553,0.905180,0.005822,0.905180,0.005822,0.000315,0.000000,0.000315,0.000315,0.097874,0.901526
u3,0.400000,-0.001897,0.003966,0.400000,0.904389,0.997492,0.904884,0.005862,0.904884,0.005862,-0.000494,0.000000,-0.000494,-0.000494,0.097322,0.902078
